ts,user_id,device_id,source,c0,c1,c2,c3,c4,c5,c6,c7,c8,c9,c10,c11,c12,c13,c14,c15,c16,c17,c18,c19,c20,c21,c22,c23,time_s
2026-03-13 16:59:19.142000+00:00,0,0,0,16195,0,32113,28142,33084,238,12598,0,48077,24698,82712,2802,106600,20054,28932,171660,29233,2821,88270,4253,39238,169890,67102,2965,0.0
2026-03-13 16:59:19.182000+00:00,0,0,0,16075,0,32060,27972,33013,235,12594,0,48085,24743,82668,2794,106554,20095,29004,171624,29257,2825,88317,4256,39300,170034,67196,2981,0.04
2026-03-13 16:59:19.222000+00:00,0,0,0,15945,0,31968,27809,32901,246,12574,0,48100,24775,82634,2802,106443,20122,29018,171532,29225,2823,88350,4254,39346,170137,67257,2988,0.08
2026-03-13 16:59:19.262000+00:00,0,0,0,15870,0,31884,27726,32816,262,12555,0,48113,24781,82633,2818,106341,20133,28966,171432,29158,2820,88365,4251,39363,170165,67260,2989,0.12
2026-03-13 16:59:19.302000+00:00,0,0,0,15870,0,31839,27728,32787,274,12556,0,48117,24764,82658,2829,106299,20130,28900,171369,29097,2817,88373,4246,39357,170144,67227,2985,0.16
2026-03-13 16:59:19.342000+00:00,0,0,0,15912,0,31829,27776,32802,280,12564,0,48106,24736,82686,2836,106297,20110,28859,171350,29067,2812,88370,4239,39337,170104,67188,2979,0.2
2026-03-13 16:59:19.382000+00:00,0,0,0,15960,0,31839,27830,32839,281,12567,0,48083,24710,82701,2837,106315,20084,28846,171364,29064,2812,88362,4236,39314,170070,67155,2976,0.24
2026-03-13 16:59:19.422000+00:00,0,0,0,15999,0,31861,27872,32888,270,12571,0,48069,24697,82719,2827,106347,20071,28860,171404,29077,2816,88357,4239,39298,170063,67140,2974,0.28
2026-03-13 16:59:19.462000+00:00,0,0,0,16023,0,31889,27902,32939,257,12573,0,48070,24698,82750,2814,106368,20071,28895,171448,29104,2819,88353,4243,39294,170083,67148,2972,0.32
2026-03-13 16:59:19.502000+00:00,0,0,0,16026,0,31911,27929,32974,256,12562,0,48075,24703,82781,2812,106352,20072,28925,171472,29130,2824,88338,4239,39297,170101,67162,2971,0.36
2026-03-13 16:59:19.542000+00:00,0,0,0,16023,0,31920,27963,32986,261,12542,0,48074,24706,82795,2818,106317,20066,28929,171475,29137,2831,88313,4231,39295,170099,67161,2974,0.4
2026-03-13 16:59:19.582000+00:00,0,0,0,16028,0,31931,28006,32990,263,12523,0,48074,24703,82798,2822,106298,20048,28909,171477,29128,2837,88281,4221,39281,170076,67147,2976,0.44
2026-03-13 16:59:19.622000+00:00,0,0,0,16036,0,31959,28056,33003,265,12498,0,48085,24693,82804,2828,106301,20023,28880,171481,29123,2833,88245,4211,39258,170035,67128,2968,0.48
2026-03-13 16:59:19.662000+00:00,0,0,0,16048,0,32002,28111,33027,271,12476,0,48104,24688,82817,2838,106316,20009,28856,171476,29126,2823,88213,4209,39231,169983,67106,2955,0.52
2026-03-13 16:59:19.702000+00:00,0,0,0,16072,0,32033,28166,33052,269,12465,0,48109,24690,82829,2839,106332,20007,28853,171472,29131,2819,88190,4219,39212,169937,67081,2948,0.56
2026-03-13 16:59:19.742000+00:00,0,0,0,16103,0,32042,28211,33073,261,12465,0,48088,24690,82836,2832,106349,20007,28869,171495,29134,2818,88178,4232,39207,169912,67060,2948,0.6
2026-03-13 16:59:19.782000+00:00,0,0,0,16143,0,32047,28241,33092,256,12478,0,48063,24679,82843,2830,106383,20006,28887,171546,29141,2814,88178,4238,39204,169914,67054,2945,0.64
2026-03-13 16:59:19.822000+00:00,0,0,0,16191,0,32061,28260,33114,257,12503,0,48053,24663,82854,2833,106440,20006,28906,171605,29157,2808,88188,4235,39199,169934,67063,2941,0.68
2026-03-13 16:59:19.862000+00:00,0,0,0,16230,0,32079,28259,33139,260,12533,0,48048,24655,82857,2836,106496,20014,28942,171657,29187,2807,88202,4234,39202,169967,67081,2941,0.72
2026-03-13 16:59:19.902000+00:00,0,0,0,16222,0,32088,28210,33151,264,12559,0,48041,24668,82830,2835,106524,20030,29012,171687,29233,2813,88224,4238,39228,170027,67115,2948,0.76
2026-03-13 16:59:19.943000+00:00,0,0,0,16148,0,32063,28080,33114,267,12579,0,48034,24708,82771,2828,106523,20065,29102,171668,29269,2818,88270,4245,39282,170138,67176,2960,0.801
2026-03-13 16:59:19.983000+00:00,0,0,0,16036,0,31989,27890,33014,264,12600,0,48037,24756,82719,2818,106494,20115,29165,171582,29253,2817,88340,4255,39345,170276,67246,2975,0.841
2026-03-13 16:59:20.023000+00:00,0,0,0,15941,0,31894,27721,32893,256,12619,0,48063,24788,82702,2806,106439,20157,29162,171448,29191,2816,88404,4263,39384,170374,67301,2986,0.881
2026-03-13 16:59:20.063000+00:00,0,0,0,15894,0,31833,27635,32805,244,12626,0,48112,24795,82708,2797,106384,20178,29077,171308,29125,2813,88436,4265,39382,170391,67322,2987,0.921
2026-03-13 16:59:20.103000+00:00,0,0,0,15880,0,31813,27626,32761,239,12614,0,48167,24780,82713,2798,106340,20181,28937,171206,29078,2809,88427,4263,39350,170348,67306,2978,0.961
2026-03-13 16:59:20.143000+00:00,0,0,0,15873,0,31809,27659,32751,240,12579,0,48200,24752,82707,2802,106304,20165,28817,171166,29049,2803,88389,4256,39309,170293,67266,2967,1.001
2026-03-13 16:59:20.183000+00:00,0,0,0,15880,0,31813,27708,32771,241,12546,0,48197,24726,82701,2802,106277,20136,28762,171178,29045,2797,88349,4249,39274,170253,67230,2955,1.041
2026-03-13 16:59:20.223000+00:00,0,0,0,15913,0,31842,27761,32815,242,12543,0,48176,24715,82711,2802,106272,20112,28758,171215,29073,2792,88331,4242,39249,170236,67222,2948,1.081
2026-03-13 16:59:20.263000+00:00,0,0,0,15957,0,31887,27809,32870,245,12560,0,48158,24720,82744,2804,106285,20098,28784,171257,29116,2794,88329,4238,39240,170240,67235,2948,1.121
2026-03-13 16:59:20.303000+00:00,0,0,0,15985,0,31924,27848,32914,248,12567,0,48147,24727,82777,2808,106298,20088,28818,171288,29143,2804,88321,4240,39242,170245,67243,2954,1.161
2026-03-13 16:59:20.343000+00:00,0,0,0,15991,0,31945,27880,32932,252,12551,0,48138,24726,82788,2812,106293,20073,28826,171291,29140,2817,88292,4241,39239,170223,67230,2959,1.201
2026-03-13 16:59:20.383000+00:00,0,0,0,15995,0,31955,27915,32932,260,12530,0,48128,24718,82783,2821,106276,20053,28804,171273,29121,2824,88251,4230,39221,170174,67198,2957,1.241
2026-03-13 16:59:20.423000+00:00,0,0,0,16009,0,31953,27958,32935,273,12513,0,48104,24707,82778,2835,106265,20034,28786,171264,29100,2820,88214,4215,39200,170119,67159,2949,1.281
2026-03-13 16:59:20.463000+00:00,0,0,0,16032,0,31945,28010,32953,287,12500,0,48069,24701,82780,2851,106271,20020,28803,171282,29087,2811,88189,4206,39194,170078,67125,2940,1.321
2026-03-13 16:59:20.503000+00:00,0,0,0,16061,0,31945,28068,32977,290,12491,0,48038,24702,82785,2857,106284,20009,28843,171322,29083,2806,88169,4204,39199,170060,67102,2936,1.361
2026-03-13 16:59:20.543000+00:00,0,0,0,16092,0,31959,28119,33000,281,12487,0,48022,24701,82790,2852,106296,20002,28875,171369,29091,2804,88149,4206,39198,170055,67092,2934,1.401
2026-03-13 16:59:20.583000+00:00,0,0,0,16118,0,31986,28156,33018,277,12481,0,48018,24693,82794,2850,106309,20005,28885,171407,29106,2800,88131,4212,39183,170043,67091,2930,1.441
2026-03-13 16:59:20.623000+00:00,0,0,0,16142,0,32012,28183,33037,282,12479,0,48015,24682,82798,2855,106333,20016,28882,171440,29120,2802,88117,4223,39161,170026,67085,2935,1.481
2026-03-13 16:59:20.663000+00:00,0,0,0,16169,0,32025,28204,33060,286,12486,0,47999,24674,82800,2857,106360,20029,28888,171481,29131,2817,88103,4231,39144,170015,67070,2953,1.521
2026-03-13 16:59:20.703000+00:00,0,0,0,16174,0,32028,28209,33082,284,12494,0,47976,24684,82785,2850,106369,20040,28921,171514,29151,2834,88089,4229,39142,170020,67062,2972,1.561
2026-03-13 16:59:20.743000+00:00,0,0,0,16136,0,32031,28162,33085,280,12504,0,47967,24723,82746,2836,106365,20064,28996,171514,29200,2838,88096,4225,39167,170068,67098,2979,1.601
2026-03-13 16:59:20.783000+00:00,0,0,0,16063,0,32014,28036,33042,274,12535,0,47986,24785,82693,2820,106364,20108,29093,171460,29261,2833,88148,4229,39219,170164,67188,2981,1.641
2026-03-13 16:59:20.823000+00:00,0,0,0,15984,0,31955,27861,32947,270,12584,0,48023,24835,82651,2807,106357,20162,29145,171353,29274,2829,88227,4242,39264,170271,67279,2984,1.681
2026-03-13 16:59:20.863000+00:00,0,0,0,15925,0,31874,27718,32849,264,12619,0,48056,24849,82637,2798,106326,20208,29094,171240,29217,2830,88285,4256,39276,170336,67306,2989,1.721
2026-03-13 16:59:20.903000+00:00,0,0,0,15893,0,31808,27655,32792,253,12622,0,48064,24830,82644,2789,106272,20238,28965,171165,29130,2835,88304,4268,39264,170343,67266,2992,1.761
2026-03-13 16:59:20.943000+00:00,0,0,0,15898,0,31773,27658,32777,249,12614,0,48049,24791,82649,2788,106223,20237,28848,171125,29064,2837,88299,4278,39245,170300,67204,2988,1.801
2026-03-13 16:59:20.983000+00:00,0,0,0,15921,0,31767,27691,32789,256,12598,0,48023,24751,82642,2798,106191,20193,28792,171108,29041,2836,88274,4280,39221,170235,67152,2982,1.841
2026-03-13 16:59:21.023000+00:00,0,0,0,15921,0,31775,27736,32821,260,12558,0,47994,24723,82634,2801,106164,20120,28791,171125,29057,2837,88216,4273,39200,170188,67125,2977,1.881
2026-03-13 16:59:21.063000+00:00,0,0,0,15908,0,31794,27778,32868,251,12514,0,47974,24709,82641,2791,106146,20051,28818,171169,29097,2838,88155,4260,39182,170171,67127,2973,1.921
2026-03-13 16:59:21.103000+00:00,0,0,0,15923,0,31826,27813,32917,242,12503,0,47970,24703,82662,2781,106157,20013,28845,171204,29138,2835,88123,4251,39165,170160,67139,2965,1.961
2026-03-13 16:59:21.143000+00:00,0,0,0,15956,0,31861,27844,32949,242,12510,0,47971,24700,82677,2785,106183,20010,28856,171217,29157,2831,88106,4247,39146,170133,67134,2960,2.001
2026-03-13 16:59:21.183000+00:00,0,0,0,15977,0,31888,27879,32957,248,12505,0,47972,24701,82676,2794,106186,20027,28844,171218,29149,2835,88081,4242,39123,170093,67106,2962,2.041
2026-03-13 16:59:21.223000+00:00,0,0,0,15993,0,31910,27920,32952,254,12493,0,47972,24696,82662,2798,106172,20045,28815,171213,29133,2844,88050,4234,39093,170046,67067,2969,2.081
2026-03-13 16:59:21.263000+00:00,0,0,0,16029,0,31927,27959,32952,258,12496,0,47963,24678,82643,2799,106178,20054,28791,171208,29124,2849,88028,4231,39062,169998,67032,2972,2.121
2026-03-13 16:59:21.303000+00:00,0,0,0,16082,0,31937,27993,32967,265,12512,0,47943,24649,82625,2806,106214,20058,28787,171211,29125,2845,88019,4240,39040,169954,67004,2966,2.161
2026-03-13 16:59:21.343000+00:00,0,0,0,16127,0,31952,28031,32992,271,12520,0,47923,24627,82616,2816,106255,20058,28803,171230,29128,2835,88008,4249,39029,169921,66977,2953,2.201
2026-03-13 16:59:21.383000+00:00,0,0,0,16141,0,31970,28075,33024,274,12503,0,47906,24620,82624,2823,106265,20058,28828,171275,29128,2830,87977,4250,39025,169904,66943,2944,2.241
2026-03-13 16:59:21.423000+00:00,0,0,0,16137,0,31981,28117,33057,274,12471,0,47884,24616,82644,2825,106241,20058,28847,171348,29127,2830,87927,4243,39013,169904,66912,2941,2.281
2026-03-13 16:59:21.463000+00:00,0,0,0,16137,0,31990,28154,33089,276,12447,0,47866,24610,82665,2827,106213,20052,28850,171412,29130,2832,87880,4231,38989,169898,66899,2943,2.321
2026-03-13 16:59:21.503000+00:00,0,0,0,16150,0,32009,28192,33114,276,12435,0,47868,24608,82684,2826,106196,20034,28840,171443,29137,2839,87848,4214,38964,169871,66899,2946,2.361
2026-03-13 16:59:21.543000+00:00,0,0,0,16178,0,32038,28230,33133,270,12440,0,47879,24614,82692,2819,106196,20017,28824,171458,29147,2845,87836,4200,38945,169846,66898,2944,2.401
2026-03-13 16:59:21.583000+00:00,0,0,0,16212,0,32063,28241,33149,261,12464,0,47885,24624,82679,2805,106225,20012,28815,171491,29168,2841,87845,4202,38939,169855,66896,2934,2.441
2026-03-13 16:59:21.623000+00:00,0,0,0,16207,0,32070,28188,33156,247,12492,0,47882,24641,82648,2784,106273,20031,28838,171537,29211,2833,87869,4215,38963,169923,66923,2931,2.481
2026-03-13 16:59:21.663000+00:00,0,0,0,16132,0,32042,28051,33123,233,12514,0,47887,24677,82610,2760,106305,20074,28909,171544,29258,2835,87914,4232,39024,170046,67001,2947,2.521
2026-03-13 16:59:21.703000+00:00,0,0,0,16016,0,31973,27869,33033,225,12529,0,47911,24724,82579,2747,106298,20122,28981,171462,29260,2837,87970,4243,39091,170171,67096,2966,2.561
2026-03-13 16:59:21.743000+00:00,0,0,0,15915,0,31880,27723,32925,226,12536,0,47936,24757,82573,2749,106258,20150,28986,171324,29209,2831,88003,4247,39134,170235,67158,2972,2.601
2026-03-13 16:59:21.783000+00:00,0,0,0,15867,0,31798,27661,32849,233,12536,0,47945,24761,82586,2760,106207,20146,28927,171205,29142,2821,88001,4245,39151,170223,67168,2966,2.641
2026-03-13 16:59:21.823000+00:00,0,0,0,15869,0,31756,27666,32817,238,12531,0,47943,24737,82600,2769,106164,20122,28851,171138,29094,2817,87979,4242,39141,170162,67143,2960,2.681
2026-03-13 16:59:21.863000+00:00,0,0,0,15896,0,31763,27704,32822,245,12522,0,47951,24702,82612,2780,106134,20096,28789,171124,29081,2822,87954,4240,39107,170094,67110,2960,2.721
2026-03-13 16:59:21.903000+00:00,0,0,0,15928,0,31798,27755,32856,257,12514,0,47964,24681,82632,2797,106117,20076,28770,171153,29103,2827,87937,4238,39073,170060,67090,2963,2.761
2026-03-13 16:59:21.943000+00:00,0,0,0,15958,0,31837,27806,32908,270,12512,0,47971,24683,82664,2811,106114,20063,28804,171202,29142,2829,87936,4231,39063,170066,67091,2963,2.801
2026-03-13 16:59:21.983000+00:00,0,0,0,15980,0,31871,27846,32952,275,12512,0,47970,24695,82690,2815,106118,20051,28862,171237,29176,2824,87934,4217,39074,170082,67105,2957,2.841
2026-03-13 16:59:22.023000+00:00,0,0,0,15974,0,31897,27875,32971,276,12489,0,47968,24704,82698,2819,106108,20043,28895,171241,29185,2818,87904,4207,39081,170074,67110,2948,2.881
2026-03-13 16:59:22.063000+00:00,0,0,0,15946,0,31904,27904,32974,272,12444,0,47960,24706,82699,2820,106069,20037,28885,171228,29168,2818,87846,4207,39067,170040,67094,2945,2.921
2026-03-13 16:59:22.103000+00:00,0,0,0,15942,0,31900,27940,32973,265,12414,0,47945,24696,82704,2816,106021,20032,28846,171223,29146,2825,87799,4215,39036,170001,67068,2949,2.961
2026-03-13 16:59:22.143000+00:00,0,0,0,15990,0,31901,27979,32975,263,12426,0,47933,24678,82712,2814,105995,20034,28801,171241,29133,2832,87783,4226,38997,169971,67041,2954,3.001
2026-03-13 16:59:22.183000+00:00,0,0,0,16061,0,31909,28019,32990,268,12457,0,47917,24655,82722,2817,106017,20035,28775,171277,29124,2835,87783,4231,38965,169948,67015,2957,3.041
2026-03-13 16:59:22.223000+00:00,0,0,0,16114,0,31915,28054,33020,275,12472,0,47891,24632,82738,2823,106085,20022,28782,171321,29119,2833,87773,4223,38950,169928,66998,2954,3.081
2026-03-13 16:59:22.263000+00:00,0,0,0,16147,0,31927,28082,33057,280,12475,0,47875,24616,82761,2831,106160,19993,28806,171353,29126,2826,87755,4211,38944,169901,66992,2946,3.121
2026-03-13 16:59:22.303000+00:00,0,0,0,16170,0,31956,28113,33091,278,12476,0,47882,24616,82783,2832,106207,19963,28832,171370,29147,2823,87735,4205,38943,169871,66991,2942,3.161
2026-03-13 16:59:22.343000+00:00,0,0,0,16175,0,31995,28141,33115,268,12470,0,47901,24628,82788,2824,106230,19948,28857,171389,29180,2829,87709,4205,38944,169857,66995,2947,3.201
2026-03-13 16:59:22.383000+00:00,0,0,0,16158,0,32029,28139,33122,259,12468,0,47919,24655,82765,2814,106244,19961,28890,171412,29225,2836,87695,4204,38950,169878,67020,2956,3.241
2026-03-13 16:59:22.423000+00:00,0,0,0,16098,0,32048,28068,33096,253,12475,0,47932,24707,82723,2801,106238,20012,28951,171411,29266,2837,87710,4208,38979,169950,67083,2964,3.281
2026-03-13 16:59:22.463000+00:00,0,0,0,15978,0,32037,27923,33021,248,12472,0,47946,24770,82688,2788,106183,20088,29032,171352,29275,2834,87742,4219,39039,170058,67178,2971,3.321
2026-03-13 16:59:22.503000+00:00,0,0,0,15843,0,31972,27756,32913,246,12452,0,47964,24804,82670,2785,106095,20152,29081,171238,29242,2830,87771,4227,39097,170144,67265,2977,3.361
2026-03-13 16:59:22.543000+00:00,0,0,0,15766,0,31862,27645,32823,250,12440,0,47979,24797,82667,2795,106021,20175,29042,171114,29188,2821,87785,4230,39118,170156,67302,2971,3.401
2026-03-13 16:59:22.583000+00:00,0,0,0,15764,0,31766,27619,32784,252,12444,0,47979,24768,82679,2804,105987,20154,28926,171036,29131,2811,87779,4230,39105,170101,67274,2955,3.441
2026-03-13 16:59:22.623000+00:00,0,0,0,15806,0,31727,27650,32790,253,12452,0,47970,24732,82694,2806,105990,20113,28810,171006,29088,2806,87762,4228,39070,170015,67204,2943,3.481
2026-03-13 16:59:22.663000+00:00,0,0,0,15853,0,31743,27704,32819,257,12451,0,47968,24702,82697,2808,106008,20075,28748,171003,29086,2807,87740,4225,39025,169931,67147,2939,3.521
2026-03-13 16:59:22.703000+00:00,0,0,0,15882,0,31789,27765,32859,259,12439,0,47977,24693,82691,2807,106015,20052,28744,171021,29128,2808,87714,4222,38992,169881,67141,2941,3.561
2026-03-13 16:59:22.743000+00:00,0,0,0,15897,0,31836,27821,32903,252,12425,0,47980,24700,82694,2797,106011,20050,28778,171065,29182,2810,87691,4220,38984,169874,67167,2944,3.601
2026-03-13 16:59:22.783000+00:00,0,0,0,15904,0,31863,27863,32943,243,12412,0,47963,24707,82709,2784,106008,20058,28819,171120,29208,2818,87671,4218,38994,169885,67175,2947,3.641
2026-03-13 16:59:22.823000+00:00,0,0,0,15905,0,31862,27888,32967,236,12394,0,47929,24697,82723,2777,106004,20055,28838,171158,29195,2827,87643,4214,39000,169878,67146,2947,3.681
2026-03-13 16:59:22.863000+00:00,0,0,0,15920,0,31851,27909,32975,237,12383,0,47896,24671,82726,2779,106009,20037,28833,171165,29166,2833,87615,4209,38993,169838,67099,2945,3.721
2026-03-13 16:59:22.903000+00:00,0,0,0,15970,0,31847,27940,32982,247,12401,0,47873,24644,82721,2793,106046,20016,28822,171158,29143,2835,87605,4208,38978,169785,67059,2945,3.761
2026-03-13 16:59:22.943000+00:00,0,0,0,16032,0,31859,27985,32997,265,12425,0,47862,24628,82723,2814,106103,19996,28810,171172,29132,2831,87603,4206,38955,169751,67032,2944,3.801
2026-03-13 16:59:22.983000+00:00,0,0,0,16070,0,31886,28037,33024,280,12426,0,47863,24624,82738,2831,106139,19984,28791,171207,29129,2827,87590,4204,38922,169734,67009,2942,3.841
2026-03-13 16:59:23.023000+00:00,0,0,0,16081,0,31919,28088,33061,281,12407,0,47866,24626,82759,2834,106142,19986,28778,171242,29132,2828,87562,4205,38888,169715,66987,2940,3.881
2026-03-13 16:59:23.063000+00:00,0,0,0,16087,0,31946,28137,33100,267,12388,0,47862,24629,82773,2820,106132,19997,28792,171279,29148,2830,87524,4210,38872,169691,66973,2938,3.921
2026-03-13 16:59:23.103000+00:00,0,0,0,16100,0,31968,28181,33135,247,12380,0,47852,24632,82780,2799,106124,20007,28828,171324,29175,2831,87486,4210,38871,169673,66972,2937,3.961
2026-03-13 16:59:23.143000+00:00,0,0,0,16105,0,31988,28205,33159,232,12374,0,47845,24636,82780,2784,106113,20006,28868,171376,29209,2836,87447,4199,38873,169666,66981,2939,4.001
2026-03-13 16:59:23.183000+00:00,0,0,0,16077,0,31998,28182,33165,226,12364,0,47839,24647,82755,2774,106095,19999,28910,171414,29247,2837,87398,4186,38880,169685,67001,2942,4.041
2026-03-13 16:59:23.223000+00:00,0,0,0,16014,0,31976,28078,33127,224,12375,0,47832,24677,82696,2763,106090,20014,28964,171413,29289,2835,87368,4184,38914,169759,67049,2948,4.081
2026-03-13 16:59:23.263000+00:00,0,0,0,15935,0,31904,27896,33032,227,12420,0,47830,24718,82627,2755,106100,20063,29007,171353,29304,2836,87412,4201,38976,169879,67124,2965,4.121
2026-03-13 16:59:23.303000+00:00,0,0,0,15870,0,31796,27709,32909,236,12474,0,47830,24750,82582,2758,106099,20117,28997,171235,29265,2842,87525,4223,39032,169978,67187,2985,4.161
2026-03-13 16:59:23.343000+00:00,0,0,0,15846,0,31690,27593,32808,248,12514,0,47825,24753,82565,2771,106086,20142,28926,171099,29195,2843,87632,4233,39049,170009,67206,2992,4.201
2026-03-13 16:59:23.383000+00:00,0,0,0,15858,0,31623,27562,32753,251,12532,0,47818,24732,82562,2780,106071,20136,28832,170989,29133,2835,87674,4236,39027,169975,67185,2982,4.241
2026-03-13 16:59:23.423000+00:00,0,0,0,15879,0,31604,27589,32737,239,12525,0,47816,24705,82558,2774,106045,20113,28753,170923,29095,2825,87657,4234,38984,169902,67140,2966,4.281
2026-03-13 16:59:23.463000+00:00,0,0,0,15887,0,31621,27643,32749,227,12498,0,47813,24685,82550,2765,106005,20079,28714,170902,29080,2822,87606,4225,38939,169819,67087,2956,4.321
2026-03-13 16:59:23.503000+00:00,0,0,0,15883,0,31660,27702,32787,228,12461,0,47811,24678,82554,2766,105960,20044,28722,170913,29092,2826,87547,4212,38912,169763,67053,2956,4.361
2026-03-13 16:59:23.543000+00:00,0,0,0,15874,0,31716,27748,32846,240,12425,0,47822,24680,82585,2778,105926,20026,28757,170947,29130,2825,87500,4203,38909,169759,67062,2958,4.401
2026-03-13 16:59:23.583000+00:00,0,0,0,15870,0,31775,27777,32906,248,12402,0,47850,24678,82641,2790,105906,20023,28785,171003,29165,2823,87479,4198,38920,169805,67101,2961,4.441
2026-03-13 16:59:23.623000+00:00,0,0,0,15885,0,31818,27798,32945,247,12400,0,47883,24670,82706,2793,105906,20029,28783,171061,29173,2828,87480,4198,38930,169858,67133,2967,4.481
2026-03-13 16:59:23.663000+00:00,0,0,0,15918,0,31836,27820,32956,240,12415,0,47905,24656,82753,2790,105925,20042,28760,171090,29160,2834,87480,4205,38927,169862,67138,2969,4.521
2026-03-13 16:59:23.703000+00:00,0,0,0,15947,0,31838,27855,32947,237,12417,0,47899,24643,82753,2788,105937,20055,28749,171089,29139,2834,87456,4210,38916,169805,67105,2962,4.561
2026-03-13 16:59:23.743000+00:00,0,0,0,15963,0,31834,27907,32940,237,12399,0,47866,24638,82714,2787,105938,20048,28762,171079,29123,2832,87409,4207,38897,169717,67050,2953,4.601
2026-03-13 16:59:23.783000+00:00,0,0,0,15984,0,31838,27971,32961,240,12382,0,47826,24640,82678,2787,105949,20023,28782,171088,29123,2833,87367,4203,38871,169647,67003,2947,4.641
2026-03-13 16:59:23.823000+00:00,0,0,0,16013,0,31856,28034,33010,239,12375,0,47801,24643,82679,2784,105968,19999,28797,171128,29139,2839,87336,4202,38846,169615,66983,2945,4.681
2026-03-13 16:59:23.863000+00:00,0,0,0,16031,0,31885,28089,33070,236,12361,0,47796,24642,82721,2782,105973,19981,28812,171180,29162,2846,87308,4197,38832,169610,66987,2947,4.721
2026-03-13 16:59:23.904000+00:00,0,0,0,16026,0,31916,28129,33122,235,12328,0,47808,24634,82785,2784,105957,19968,28833,171225,29181,2845,87276,4186,38834,169609,67001,2949,4.762
2026-03-13 16:59:23.944000+00:00,0,0,0,16015,0,31944,28158,33153,237,12291,0,47827,24622,82838,2792,105941,19957,28857,171253,29194,2836,87243,4178,38843,169602,67017,2946,4.802
2026-03-13 16:59:23.984000+00:00,0,0,0,16031,0,31971,28182,33165,243,12282,0,47844,24612,82859,2801,105958,19955,28876,171270,29198,2831,87225,4185,38846,169592,67023,2944,4.842
2026-03-13 16:59:24.024000+00:00,0,0,0,16087,0,31997,28209,33171,251,12311,0,47853,24605,82858,2809,106020,19963,28883,171294,29200,2835,87229,4200,38838,169585,67013,2947,4.882
2026-03-13 16:59:24.064000+00:00,0,0,0,16160,0,32028,28241,33182,260,12354,0,47865,24597,82859,2819,106101,19973,28877,171322,29208,2832,87239,4207,38824,169571,67000,2946,4.922
2026-03-13 16:59:24.104000+00:00,0,0,0,16220,0,32065,28270,33196,270,12384,0,47884,24588,82870,2831,106168,19979,28866,171339,29224,2819,87236,4202,38807,169542,66997,2939,4.962
2026-03-13 16:59:24.144000+00:00,0,0,0,16253,0,32098,28292,33212,274,12400,0,47898,24587,82879,2836,106214,19980,28871,171347,29246,2806,87221,4194,38790,169514,67005,2931,5.002
2026-03-13 16:59:24.184000+00:00,0,0,0,16257,0,32110,28276,33218,266,12417,0,47893,24606,82859,2826,106237,19982,28902,171352,29280,2807,87217,4190,38786,169520,67026,2932,5.042
2026-03-13 16:59:24.224000+00:00,0,0,0,16217,0,32099,28171,33186,256,12431,0,47877,24648,82795,2807,106213,20002,28953,171343,29317,2816,87240,4194,38811,169594,67074,2945,5.082
2026-03-13 16:59:24.264000+00:00,0,0,0,16116,0,32050,27967,33092,255,12412,0,47858,24694,82710,2798,106113,20045,28991,171289,29324,2822,87273,4207,38866,169722,67140,2965,5.122
2026-03-13 16:59:24.304000+00:00,0,0,0,15960,0,31939,27746,32962,262,12363,0,47832,24718,82634,2799,105953,20090,28978,171181,29280,2824,87285,4221,38915,169834,67185,2982,5.162
2026-03-13 16:59:24.344000+00:00,0,0,0,15811,0,31792,27604,32855,267,12331,0,47810,24710,82593,2804,105805,20112,28904,171058,29212,2828,87283,4226,38926,169873,67190,2988,5.202
2026-03-13 16:59:24.384000+00:00,0,0,0,15741,0,31679,27560,32799,271,12338,0,47805,24686,82594,2810,105741,20100,28806,170968,29150,2831,87281,4220,38906,169848,67169,2986,5.242
2026-03-13 16:59:24.424000+00:00,0,0,0,15735,0,31630,27582,32780,269,12344,0,47807,24661,82611,2810,105744,20062,28725,170922,29109,2835,87262,4206,38876,169798,67140,2983,5.282
2026-03-13 16:59:24.464000+00:00,0,0,0,15743,0,31627,27624,32786,258,12327,0,47802,24637,82620,2798,105755,20015,28684,170915,29100,2840,87222,4192,38848,169747,67115,2980,5.322
2026-03-13 16:59:24.504000+00:00,0,0,0,15770,0,31654,27667,32818,247,12322,0,47793,24619,82622,2786,105771,19985,28687,170941,29123,2842,87194,4192,38827,169710,67101,2973,5.362
2026-03-13 16:59:24.544000+00:00,0,0,0,15821,0,31702,27716,32869,247,12342,0,47786,24621,82627,2784,105798,19988,28722,170978,29160,2843,87189,4203,38816,169686,67096,2966,5.402
2026-03-13 16:59:24.584000+00:00,0,0,0,15849,0,31745,27770,32919,260,12347,0,47776,24640,82632,2796,105797,20010,28764,170996,29186,2843,87175,4212,38807,169666,67080,2961,5.442
2026-03-13 16:59:24.624000+00:00,0,0,0,15836,0,31768,27815,32951,273,12315,0,47758,24649,82632,2809,105761,20017,28784,170990,29187,2835,87138,4209,38792,169639,67044,2955,5.482
2026-03-13 16:59:24.664000+00:00,0,0,0,15822,0,31773,27845,32964,272,12278,0,47740,24634,82628,2811,105730,19994,28773,170969,29167,2822,87096,4197,38773,169599,67002,2946,5.522
2026-03-13 16:59:24.704000+00:00,0,0,0,15851,0,31781,27868,32965,261,12276,0,47742,24605,82633,2807,105737,19951,28742,170946,29146,2811,87070,4188,38756,169545,66977,2937,5.562
2026-03-13 16:59:24.744000+00:00,0,0,0,15921,0,31805,27896,32967,252,12310,0,47771,24585,82663,2803,105775,19910,28713,170931,29138,2814,87061,4188,38746,169490,66986,2935,5.602
2026-03-13 16:59:24.784000+00:00,0,0,0,15994,0,31836,27939,32977,248,12350,0,47812,24585,82719,2802,105825,19885,28704,170936,29147,2822,87060,4190,38749,169454,67020,2939,5.642
2026-03-13 16:59:24.824000+00:00,0,0,0,16040,0,31868,27995,33001,250,12368,0,47842,24600,82780,2808,105873,19887,28716,170967,29166,2827,87052,4190,38757,169440,67058,2946,5.682
2026-03-13 16:59:24.864000+00:00,0,0,0,16053,0,31907,28045,33033,262,12356,0,47862,24607,82812,2822,105908,19904,28730,171011,29193,2832,87033,4190,38751,169430,67080,2951,5.722
2026-03-13 16:59:24.904000+00:00,0,0,0,16042,0,31952,28080,33063,275,12319,0,47877,24599,82800,2836,105915,19919,28734,171056,29225,2835,86997,4191,38726,169412,67076,2947,5.762
2026-03-13 16:59:24.944000+00:00,0,0,0,16021,0,31986,28113,33093,275,12273,0,47877,24589,82778,2836,105899,19927,28743,171106,29245,2835,86948,4190,38699,169393,67052,2936,5.802
2026-03-13 16:59:24.984000+00:00,0,0,0,16018,0,31995,28153,33129,266,12247,0,47853,24589,82788,2827,105894,19934,28770,171161,29249,2839,86909,4184,38688,169389,67022,2933,5.842
2026-03-13 16:59:25.024000+00:00,0,0,0,16054,0,31990,28195,33165,261,12261,0,47818,24594,82823,2820,105927,19944,28805,171213,29245,2846,86902,4179,38692,169394,67001,2945,5.882
2026-03-13 16:59:25.064000+00:00,0,0,0,16116,0,31987,28232,33190,257,12301,0,47786,24599,82840,2812,105988,19959,28839,171246,29244,2851,86913,4182,38700,169386,66988,2958,5.922
2026-03-13 16:59:25.104000+00:00,0,0,0,16153,0,31991,28248,33197,252,12333,0,47764,24608,82814,2804,106037,19974,28875,171260,29255,2852,86916,4190,38706,169373,66979,2963,5.962
2026-03-13 16:59:25.144000+00:00,0,0,0,16120,0,31986,28202,33180,254,12341,0,47754,24632,82753,2799,106050,19991,28921,171260,29282,2851,86914,4196,38719,169398,66991,2963,6.002
2026-03-13 16:59:25.184000+00:00,0,0,0,16016,0,31942,28057,33124,255,12341,0,47757,24669,82692,2794,106036,20023,28963,171231,29301,2842,86939,4203,38755,169493,67048,2961,6.042
2026-03-13 16:59:25.224000+00:00,0,0,0,15891,0,31845,27855,33023,251,12350,0,47767,24705,82656,2785,106001,20070,28972,171155,29277,2833,86991,4220,38811,169626,67129,2963,6.082
2026-03-13 16:59:25.264000+00:00,0,0,0,15799,0,31732,27681,32912,242,12362,0,47778,24716,82650,2777,105943,20109,28922,171049,29216,2831,87039,4235,38856,169724,67184,2970,6.122
2026-03-13 16:59:25.304000+00:00,0,0,0,15749,0,31649,27589,32841,231,12356,0,47789,24690,82669,2771,105868,20116,28829,170958,29151,2838,87047,4230,38865,169750,67190,2980,6.162
2026-03-13 16:59:25.344000+00:00,0,0,0,15717,0,31612,27577,32817,227,12319,0,47792,24647,82685,2769,105790,20098,28735,170905,29105,2847,87010,4208,38839,169711,67153,2985,6.202
2026-03-13 16:59:25.384000+00:00,0,0,0,15702,0,31611,27621,32825,232,12272,0,47780,24618,82681,2772,105733,20074,28680,170884,29083,2850,86952,4191,38798,169638,67097,2980,6.242
2026-03-13 16:59:25.424000+00:00,0,0,0,15719,0,31633,27687,32856,241,12251,0,47760,24613,82673,2779,105716,20059,28677,170889,29090,2849,86907,4190,38767,169575,67054,2967,6.282
2026-03-13 16:59:25.464000+00:00,0,0,0,15772,0,31667,27744,32905,243,12271,0,47747,24619,82684,2781,105744,20061,28706,170914,29123,2848,86896,4203,38750,169544,67039,2956,6.322
2026-03-13 16:59:25.504000+00:00,0,0,0,15828,0,31706,27782,32953,237,12303,0,47752,24624,82710,2777,105787,20075,28733,170945,29160,2849,86905,4213,38736,169538,67042,2954,6.362
2026-03-13 16:59:25.544000+00:00,0,0,0,15851,0,31741,27810,32980,233,12306,0,47767,24622,82725,2775,105807,20082,28735,170962,29177,2849,86897,4215,38718,169529,67042,2954,6.402
2026-03-13 16:59:25.584000+00:00,0,0,0,15846,0,31760,27839,32986,240,12277,0,47773,24617,82724,2785,105806,20071,28717,170964,29168,2839,86866,4209,38697,169505,67029,2946,6.442
2026-03-13 16:59:25.624000+00:00,0,0,0,15848,0,31763,27872,32988,260,12248,0,47762,24603,82719,2808,105805,20046,28693,170969,29147,2821,86832,4200,38678,169472,67001,2929,6.482
2026-03-13 16:59:25.664000+00:00,0,0,0,15877,0,31771,27905,32994,284,12240,0,47750,24580,82718,2836,105803,20020,28668,170985,29130,2806,86811,4193,38658,169434,66972,2916,6.522
2026-03-13 16:59:25.704000+00:00,0,0,0,15914,0,31793,27945,33004,299,12239,0,47748,24563,82719,2853,105791,20003,28652,171009,29127,2804,86787,4191,38635,169394,66952,2915,6.562
2026-03-13 16:59:25.744000+00:00,0,0,0,15944,0,31816,28000,33016,299,12234,0,47743,24563,82718,2856,105772,19993,28653,171039,29136,2807,86752,4190,38619,169357,66941,2916,6.602
2026-03-13 16:59:25.784000+00:00,0,0,0,15968,0,31827,28058,33034,287,12229,0,47725,24574,82723,2845,105757,19978,28673,171067,29147,2810,86715,4185,38612,169323,66932,2913,6.642
2026-03-13 16:59:25.824000+00:00,0,0,0,15987,0,31836,28110,33059,272,12224,0,47711,24581,82738,2831,105755,19961,28698,171081,29155,2816,86683,4180,38612,169285,66916,2913,6.682
2026-03-13 16:59:25.864000+00:00,0,0,0,16005,0,31852,28147,33082,262,12222,0,47713,24573,82760,2823,105777,19948,28712,171099,29162,2822,86658,4177,38612,169252,66903,2918,6.722
2026-03-13 16:59:25.904000+00:00,0,0,0,16034,0,31868,28170,33102,255,12233,0,47719,24551,82785,2817,105827,19936,28713,171150,29171,2824,86644,4174,38604,169241,66904,2924,6.762
2026-03-13 16:59:25.944000+00:00,0,0,0,16068,0,31878,28185,33125,246,12247,0,47716,24526,82812,2810,105885,19930,28709,171224,29181,2821,86634,4173,38592,169250,66914,2925,6.802
2026-03-13 16:59:25.984000+00:00,0,0,0,16083,0,31889,28194,33150,244,12244,0,47706,24507,82827,2809,105933,19939,28706,171288,29190,2819,86614,4178,38580,169261,66919,2923,6.842
2026-03-13 16:59:26.024000+00:00,0,0,0,16062,0,31908,28179,33171,246,12225,0,47699,24503,82814,2811,105952,19960,28704,171326,29211,2820,86589,4182,38573,169271,66923,2923,6.882
2026-03-13 16:59:26.064000+00:00,0,0,0,15999,0,31930,28104,33171,243,12216,0,47706,24530,82767,2799,105933,19986,28720,171335,29258,2825,86578,4182,38589,169315,66955,2931,6.922
2026-03-13 16:59:26.104000+00:00,0,0,0,15900,0,31931,27951,33120,238,12236,0,47723,24588,82698,2780,105903,20028,28773,171296,29307,2832,86598,4187,38642,169415,67031,2953,6.962
2026-03-13 16:59:26.144000+00:00,0,0,0,15805,0,31885,27764,33015,237,12283,0,47731,24649,82639,2769,105878,20083,28834,171192,29306,2837,86663,4204,38709,169532,67110,2977,7.002
2026-03-13 16:59:26.184000+00:00,0,0,0,15741,0,31791,27620,32904,237,12321,0,47732,24679,82616,2768,105846,20125,28833,171063,29242,2834,86755,4222,38747,169611,67138,2986,7.042
2026-03-13 16:59:26.224000+00:00,0,0,0,15708,0,31682,27554,32832,234,12326,0,47742,24672,82622,2769,105803,20133,28759,170963,29161,2826,86820,4228,38741,169631,67116,2978,7.082
2026-03-13 16:59:26.264000+00:00,0,0,0,15702,0,31609,27550,32804,231,12310,0,47755,24642,82631,2771,105765,20115,28667,170908,29107,2822,86834,4223,38709,169602,67079,2968,7.122
2026-03-13 16:59:26.304000+00:00,0,0,0,15731,0,31584,27579,32809,235,12305,0,47752,24604,82633,2776,105754,20090,28608,170893,29084,2826,86819,4218,38674,169548,67040,2964,7.162
2026-03-13 16:59:26.344000+00:00,0,0,0,15786,0,31596,27627,32835,244,12322,0,47739,24579,82631,2784,105770,20075,28593,170908,29087,2826,86805,4224,38649,169494,67007,2957,7.202
2026-03-13 16:59:26.384000+00:00,0,0,0,15839,0,31629,27688,32875,256,12342,0,47731,24583,82632,2794,105790,20083,28610,170929,29117,2820,86802,4236,38633,169457,66996,2946,7.242
2026-03-13 16:59:26.424000+00:00,0,0,0,15874,0,31664,27751,32921,263,12350,0,47724,24606,82644,2797,105803,20098,28641,170941,29155,2815,86803,4241,38625,169442,67004,2938,7.282
2026-03-13 16:59:26.464000+00:00,0,0,0,15895,0,31682,27798,32957,261,12348,0,47707,24621,82659,2792,105812,20092,28667,170952,29176,2821,86795,4231,38617,169436,67005,2940,7.322
2026-03-13 16:59:26.504000+00:00,0,0,0,15911,0,31684,27825,32976,255,12340,0,47683,24605,82665,2782,105819,20063,28670,170973,29174,2833,86768,4211,38604,169422,66986,2949,7.362
2026-03-13 16:59:26.544000+00:00,0,0,0,15924,0,31685,27847,32981,249,12325,0,47665,24571,82658,2777,105825,20033,28653,171000,29161,2838,86732,4194,38585,169388,66953,2953,7.402
2026-03-13 16:59:26.584000+00:00,0,0,0,15942,0,31697,27880,32986,253,12309,0,47657,24544,82648,2785,105836,20022,28633,171016,29151,2836,86703,4187,38564,169341,66923,2950,7.442
2026-03-13 16:59:26.624000+00:00,0,0,0,15974,0,31719,27923,32999,268,12304,0,47653,24527,82639,2803,105850,20028,28617,171033,29157,2835,86683,4190,38542,169304,66902,2942,7.482
2026-03-13 16:59:26.664000+00:00,0,0,0,16008,0,31748,27971,33024,283,12303,0,47651,24520,82635,2818,105862,20033,28610,171069,29174,2835,86660,4189,38517,169289,66888,2934,7.522
2026-03-13 16:59:26.704000+00:00,0,0,0,16020,0,31781,28016,33055,286,12286,0,47650,24514,82637,2821,105860,20025,28610,171111,29188,2834,86629,4184,38492,169279,66874,2925,7.562
2026-03-13 16:59:26.744000+00:00,0,0,0,16000,0,31813,28047,33086,276,12239,0,47650,24502,82645,2812,105830,20013,28613,171140,29199,2829,86580,4180,38469,169264,66862,2915,7.602
2026-03-13 16:59:26.784000+00:00,0,0,0,15968,0,31833,28075,33116,267,12186,0,47643,24488,82658,2803,105784,20008,28618,171160,29208,2824,86525,4181,38448,169244,66850,2907,7.642
2026-03-13 16:59:26.824000+00:00,0,0,0,15971,0,31845,28115,33140,266,12167,0,47631,24485,82670,2805,105773,20017,28627,171186,29210,2822,86492,4187,38434,169225,66836,2906,7.682
2026-03-13 16:59:26.864000+00:00,0,0,0,16031,0,31857,28161,33159,267,12201,0,47624,24489,82684,2808,105825,20038,28639,171228,29206,2818,86500,4198,38428,169212,66823,2904,7.722
2026-03-13 16:59:26.904000+00:00,0,0,0,16119,0,31871,28197,33177,261,12258,0,47619,24484,82702,2805,105905,20053,28650,171281,29204,2813,86530,4203,38428,169210,66816,2899,7.762
2026-03-13 16:59:26.944000+00:00,0,0,0,16184,0,31885,28221,33199,258,12296,0,47613,24471,82720,2805,105964,20054,28657,171324,29210,2803,86549,4200,38424,169211,66814,2891,7.802
2026-03-13 16:59:26.984000+00:00,0,0,0,16203,0,31906,28237,33224,265,12299,0,47611,24467,82726,2812,105991,20053,28667,171354,29230,2796,86547,4194,38414,169213,66823,2884,7.842
2026-03-13 16:59:27.024000+00:00,0,0,0,16170,0,31930,28219,33244,271,12288,0,47615,24488,82708,2811,106004,20061,28689,171381,29274,2804,86551,4194,38404,169245,66856,2892,7.882
2026-03-13 16:59:27.064000+00:00,0,0,0,16088,0,31944,28119,33229,269,12294,0,47627,24543,82667,2798,106014,20097,28730,171383,29331,2823,86592,4202,38419,169343,66928,2918,7.922
2026-03-13 16:59:27.104000+00:00,0,0,0,15968,0,31919,27938,33156,263,12317,0,47639,24614,82625,2781,106002,20165,28779,171327,29356,2840,86665,4213,38481,169498,67021,2951,7.962
2026-03-13 16:59:27.144000+00:00,0,0,0,15847,0,31833,27742,33048,260,12335,0,47643,24659,82598,2771,105948,20231,28801,171220,29323,2847,86727,4218,38567,169641,67082,2973,8.002
2026-03-13 16:59:27.184000+00:00,0,0,0,15766,0,31713,27613,32954,267,12335,0,47645,24659,82585,2776,105873,20255,28763,171102,29254,2847,86756,4215,38619,169701,67085,2976,8.042
2026-03-13 16:59:27.224000+00:00,0,0,0,15740,0,31627,27583,32905,280,12326,0,47658,24641,82580,2791,105821,20238,28679,171003,29185,2843,86759,4215,38615,169674,67044,2966,8.082
2026-03-13 16:59:27.264000+00:00,0,0,0,15749,0,31604,27621,32893,288,12313,0,47674,24625,82574,2801,105801,20212,28595,170941,29140,2837,86746,4218,38573,169605,66991,2951,8.122
2026-03-13 16:59:27.304000+00:00,0,0,0,15768,0,31614,27674,32907,283,12297,0,47676,24605,82563,2796,105795,20196,28554,170932,29134,2831,86722,4221,38530,169555,66952,2939,8.162
2026-03-13 16:59:27.344000+00:00,0,0,0,15793,0,31631,27720,32945,268,12286,0,47663,24584,82557,2780,105787,20194,28567,170967,29164,2823,86702,4228,38510,169547,66947,2928,8.202
2026-03-13 16:59:27.384000+00:00,0,0,0,15823,0,31655,27760,32999,260,12284,0,47649,24572,82569,2773,105775,20201,28607,171019,29209,2812,86692,4240,38508,169562,66963,2917,8.242
2026-03-13 16:59:27.424000+00:00,0,0,0,15840,0,31685,27799,33046,269,12276,0,47641,24573,82590,2785,105759,20199,28645,171057,29240,2803,86681,4239,38511,169568,66972,2910,8.282
2026-03-13 16:59:27.464000+00:00,0,0,0,15832,0,31704,27834,33071,279,12248,0,47629,24576,82609,2798,105746,20175,28668,171074,29244,2805,86656,4221,38513,169549,66954,2909,8.322
2026-03-13 16:59:27.504000+00:00,0,0,0,15811,0,31710,27866,33079,278,12207,0,47612,24567,82621,2800,105744,20138,28674,171083,29226,2815,86620,4199,38514,169516,66921,2913,8.362
2026-03-13 16:59:27.544000+00:00,0,0,0,15806,0,31713,27895,33085,282,12176,0,47597,24544,82623,2803,105751,20102,28663,171090,29203,2821,86586,4184,38506,169480,66886,2917,8.402
2026-03-13 16:59:27.584000+00:00,0,0,0,15837,0,31722,27930,33097,294,12174,0,47585,24517,82620,2812,105764,20074,28636,171095,29185,2826,86566,4174,38477,169442,66855,2923,8.442
2026-03-13 16:59:27.624000+00:00,0,0,0,15891,0,31744,27978,33124,294,12189,0,47576,24501,82617,2809,105782,20062,28609,171110,29174,2835,86555,4170,38435,169410,66824,2930,8.482
2026-03-13 16:59:27.664000+00:00,0,0,0,15932,0,31773,28041,33159,283,12193,0,47564,24501,82616,2795,105798,20069,28597,171144,29175,2840,86540,4169,38401,169397,66799,2932,8.522
2026-03-13 16:59:27.704000+00:00,0,0,0,15952,0,31802,28100,33193,269,12183,0,47549,24506,82616,2783,105805,20089,28605,171194,29189,2838,86517,4170,38383,169409,66783,2927,8.562
2026-03-13 16:59:27.744000+00:00,0,0,0,15967,0,31833,28141,33224,261,12171,0,47542,24501,82614,2777,105809,20121,28616,171245,29208,2835,86493,4178,38368,169422,66766,2922,8.602
2026-03-13 16:59:27.784000+00:00,0,0,0,15992,0,31874,28171,33248,269,12167,0,47549,24491,82603,2783,105818,20150,28617,171274,29220,2835,86475,4193,38345,169404,66738,2919,8.642
2026-03-13 16:59:27.824000+00:00,0,0,0,16019,0,31909,28204,33262,281,12166,0,47557,24485,82589,2794,105823,20162,28610,171285,29233,2834,86461,4205,38319,169366,66721,2914,8.682
2026-03-13 16:59:27.864000+00:00,0,0,0,16041,0,31926,28243,33273,282,12160,0,47553,24485,82587,2796,105813,20151,28606,171303,29247,2837,86445,4207,38304,169341,66727,2910,8.722
2026-03-13 16:59:27.904000+00:00,0,0,0,16083,0,31930,28286,33290,280,12175,0,47539,24493,82608,2796,105813,20137,28618,171330,29257,2845,86443,4204,38307,169338,66744,2909,8.762
2026-03-13 16:59:27.944000+00:00,0,0,0,16150,0,31939,28325,33314,277,12220,0,47525,24507,82640,2795,105857,20139,28641,171362,29264,2850,86463,4206,38320,169351,66762,2906,8.802
2026-03-13 16:59:27.984000+00:00,0,0,0,16192,0,31962,28331,33336,270,12262,0,47511,24524,82655,2788,105933,20163,28682,171400,29291,2846,86494,4215,38342,169392,66794,2897,8.842
2026-03-13 16:59:28.024000+00:00,0,0,0,16156,0,32001,28264,33336,266,12284,0,47505,24560,82643,2781,105985,20194,28756,171430,29346,2837,86537,4223,38382,169478,66862,2893,8.882
2026-03-13 16:59:28.064000+00:00,0,0,0,16038,0,32022,28101,33288,270,12292,0,47525,24611,82618,2777,105980,20231,28854,171418,29396,2834,86593,4228,38446,169613,66962,2905,8.922
2026-03-13 16:59:28.104000+00:00,0,0,0,15894,0,31961,27886,33186,273,12296,0,47566,24643,82591,2775,105928,20273,28924,171340,29395,2838,86647,4235,38510,169743,67050,2930,8.962
2026-03-13 16:59:28.144000+00:00,0,0,0,15791,0,31824,27719,33081,276,12296,0,47601,24643,82575,2775,105861,20309,28911,171219,29344,2841,86678,4245,38550,169810,67089,2946,9.002
2026-03-13 16:59:28.184000+00:00,0,0,0,15745,0,31697,27660,33023,274,12281,0,47613,24631,82587,2775,105794,20325,28818,171112,29276,2839,86677,4252,38564,169811,67080,2945,9.042
2026-03-13 16:59:28.224000+00:00,0,0,0,15733,0,31633,27687,33014,272,12249,0,47606,24621,82613,2776,105730,20320,28710,171044,29224,2834,86647,4252,38555,169770,67046,2935,9.082
2026-03-13 16:59:28.264000+00:00,0,0,0,15742,0,31621,27744,33033,277,12218,0,47588,24604,82625,2783,105672,20299,28641,171020,29207,2828,86605,4245,38527,169711,67006,2924,9.122
2026-03-13 16:59:28.304000+00:00,0,0,0,15771,0,31639,27796,33068,282,12208,0,47571,24585,82622,2788,105635,20268,28628,171048,29226,2820,86574,4233,38498,169664,66976,2914,9.162
2026-03-13 16:59:28.344000+00:00,0,0,0,15811,0,31679,27844,33112,284,12219,0,47568,24579,82619,2790,105635,20237,28666,171098,29267,2808,86560,4223,38489,169647,66972,2903,9.202
2026-03-13 16:59:28.384000+00:00,0,0,0,15852,0,31732,27887,33149,287,12240,0,47580,24587,82619,2794,105675,20210,28731,171128,29312,2796,86559,4215,38493,169647,66993,2891,9.242
2026-03-13 16:59:28.424000+00:00,0,0,0,15891,0,31782,27915,33169,291,12263,0,47601,24587,82621,2800,105723,20189,28775,171130,29340,2789,86557,4214,38485,169643,67013,2885,9.282
2026-03-13 16:59:28.464000+00:00,0,0,0,15913,0,31817,27935,33177,293,12265,0,47619,24573,82627,2803,105744,20177,28759,171125,29342,2786,86536,4217,38454,169622,67007,2881,9.322
2026-03-13 16:59:28.504000+00:00,0,0,0,15910,0,31833,27960,33183,290,12234,0,47620,24550,82637,2800,105744,20175,28692,171139,29326,2789,86493,4216,38418,169595,66980,2878,9.362
2026-03-13 16:59:28.544000+00:00,0,0,0,15903,0,31840,27995,33198,281,12192,0,47607,24523,82644,2793,105735,20176,28623,171168,29304,2799,86446,4210,38384,169570,66943,2882,9.402
2026-03-13 16:59:28.585000+00:00,0,0,0,15912,0,31853,28035,33222,272,12164,0,47590,24497,82640,2785,105720,20181,28582,171196,29288,2812,86406,4204,38348,169543,66907,2891,9.443
2026-03-13 16:59:28.625000+00:00,0,0,0,15936,0,31868,28077,33253,263,12152,0,47568,24481,82628,2775,105713,20187,28576,171222,29291,2822,86377,4201,38322,169519,66882,2898,9.483
2026-03-13 16:59:28.665000+00:00,0,0,0,15966,0,31886,28127,33289,256,12149,0,47548,24483,82626,2767,105735,20186,28598,171252,29312,2828,86363,4197,38314,169509,66877,2902,9.523
2026-03-13 16:59:28.705000+00:00,0,0,0,15985,0,31917,28183,33328,257,12142,0,47549,24502,82658,2767,105783,20176,28635,171291,29334,2831,86360,4195,38324,169521,66885,2902,9.563
2026-03-13 16:59:28.745000+00:00,0,0,0,16007,0,31955,28235,33366,271,12143,0,47568,24522,82713,2780,105833,20168,28678,171344,29349,2830,86368,4195,38340,169543,66897,2895,9.603
2026-03-13 16:59:28.785000+00:00,0,0,0,16053,0,31985,28271,33396,287,12173,0,47587,24529,82759,2796,105874,20163,28715,171403,29366,2822,86382,4195,38351,169554,66910,2888,9.643
2026-03-13 16:59:28.825000+00:00,0,0,0,16090,0,31997,28281,33420,291,12206,0,47591,24533,82779,2800,105892,20160,28753,171453,29394,2812,86386,4195,38361,169562,66927,2884,9.683
2026-03-13 16:59:28.865000+00:00,0,0,0,16061,0,31979,28240,33425,285,12214,0,47578,24556,82768,2791,105877,20178,28807,171476,29434,2804,86384,4197,38390,169600,66963,2885,9.723
2026-03-13 16:59:28.905000+00:00,0,0,0,15963,0,31920,28122,33379,276,12211,0,47559,24604,82727,2776,105838,20224,28865,171444,29463,2806,86405,4205,38442,169681,67027,2894,9.763
2026-03-13 16:59:28.945000+00:00,0,0,0,15835,0,31824,27953,33276,264,12209,0,47552,24654,82675,2761,105780,20278,28880,171350,29450,2817,86447,4220,38494,169775,67097,2915,9.803
2026-03-13 16:59:28.985000+00:00,0,0,0,15736,0,31724,27806,33162,261,12207,0,47559,24678,82642,2757,105718,20315,28835,171226,29398,2825,86482,4232,38526,169832,67140,2932,9.843
2026-03-13 16:59:29.025000+00:00,0,0,0,15717,0,31660,27741,33085,270,12224,0,47578,24674,82642,2769,105689,20329,28761,171107,29334,2828,86508,4235,38537,169827,67145,2938,9.883
2026-03-13 16:59:29.065000+00:00,0,0,0,15766,0,31643,27755,33054,276,12255,0,47603,24658,82672,2781,105703,20326,28696,171026,29282,2831,86530,4234,38538,169783,67136,2938,9.923
2026-03-13 16:59:29.105000+00:00,0,0,0,15822,0,31658,27806,33061,273,12267,0,47632,24639,82733,2787,105725,20316,28656,171003,29260,2826,86542,4234,38538,169750,67144,2931,9.963
2026-03-13 16:59:29.145000+00:00,0,0,0,15847,0,31692,27861,33106,272,12252,0,47663,24625,82819,2795,105728,20319,28647,171026,29276,2810,86539,4234,38540,169758,67182,2919,10.003
2026-03-13 16:59:29.185000+00:00,0,0,0,15859,0,31737,27905,33173,280,12237,0,47686,24619,82888,2809,105724,20343,28668,171076,29320,2798,86531,4234,38538,169797,67225,2912,10.043
2026-03-13 16:59:29.225000+00:00,0,0,0,15879,0,31774,27931,33232,286,12237,0,47684,24613,82905,2817,105728,20367,28694,171138,29364,2796,86521,4232,38523,169829,67234,2912,10.083
2026-03-13 16:59:29.265000+00:00,0,0,0,15884,0,31792,27951,33261,280,12224,0,47660,24603,82880,2811,105728,20356,28699,171184,29376,2793,86490,4224,38497,169826,67198,2909,10.123
2026-03-13 16:59:29.305000+00:00,0,0,0,15870,0,31797,27984,33270,257,12188,0,47632,24594,82858,2797,105719,20302,28683,171201,29355,2769,86437,4209,38472,169793,67144,2903,10.163
2026-03-13 16:59:29.345000+00:00,0,0,0,15888,0,31806,28032,33277,222,12178,0,47623,24588,82859,2782,105728,20243,28657,171191,29325,2719,86405,4195,38453,169750,67108,2899,10.203
2026-03-13 16:59:29.385000+00:00,0,0,0,15960,0,31831,28086,33290,198,12212,0,47636,24582,82877,2777,105753,20215,28629,171175,29309,2666,86409,4194,38432,169705,67093,2895,10.243
2026-03-13 16:59:29.425000+00:00,0,0,0,16032,0,31874,28137,33306,196,12244,0,47664,24575,82896,2788,105765,20216,28601,171170,29312,2597,86406,4206,38405,169660,67083,2882,10.283
2026-03-13 16:59:29.465000+00:00,0,0,0,16068,0,31926,28181,33325,195,12245,0,47696,24563,82912,2807,105759,20224,28584,171184,29327,2475,86378,4218,38380,169620,67080,2859,10.323
2026-03-13 16:59:29.505000+00:00,0,0,0,16079,0,31976,28219,33355,200,12225,0,47721,24552,82938,2825,105756,20229,28590,171216,29352,2404,86345,4222,38373,169607,67100,2846,10.363
2026-03-13 16:59:29.545000+00:00,0,0,0,16076,0,32011,28246,33394,237,12197,0,47736,24547,82982,2840,105764,20233,28620,171267,29386,2508,86324,4219,38389,169635,67150,2866,10.403
2026-03-13 16:59:29.585000+00:00,0,0,0,16058,0,32018,28245,33421,287,12179,0,47738,24556,83027,2853,105778,20245,28682,171331,29427,2682,86329,4219,38437,169712,67227,2908,10.443
2026-03-13 16:59:29.625000+00:00,0,0,0,16014,0,31983,28179,33404,319,12193,0,47735,24594,83053,2857,105792,20272,28770,171380,29465,2806,86375,4231,38523,169842,67340,2947,10.483
2026-03-13 16:59:29.665000+00:00,0,0,0,15938,0,31899,28028,33323,346,12239,0,47746,24657,83070,2851,105802,20323,28842,171366,29473,2936,86465,4249,38639,170020,67493,2982,10.523
2026-03-13 16:59:29.705000+00:00,0,0,0,15860,0,31779,27838,33198,393,12302,0,47784,24722,83121,2847,105805,20392,28851,171275,29433,3123,86583,4267,38758,170214,67671,3018,10.563
2026-03-13 16:59:29.745000+00:00,0,0,0,15817,0,31663,27700,33080,437,12356,0,47854,24776,83258,2857,105801,20457,28789,171156,29362,3283,86705,4281,38871,170404,67873,3050,10.603
2026-03-13 16:59:29.785000+00:00,0,0,0,15810,0,31583,27660,33000,475,12387,0,47957,24825,83491,2881,105801,20505,28687,171074,29282,3408,86820,4291,38988,170603,68106,3076,10.643
2026-03-13 16:59:29.825000+00:00,0,0,0,15819,0,31538,27686,32952,550,12392,0,48079,24864,83746,2917,105816,20542,28585,171052,29212,3633,86919,4301,39105,170808,68341,3108,10.683
2026-03-13 16:59:29.865000+00:00,0,0,0,15827,0,31518,27728,32931,593,12377,0,48176,24882,83902,2939,105836,20572,28518,171068,29169,3760,86981,4311,39184,170972,68500,3125,10.723
2026-03-13 16:59:29.905000+00:00,0,0,0,15827,0,31525,27764,32937,498,12345,0,48198,24874,83899,2927,105839,20571,28505,171093,29171,3506,86986,4315,39201,171031,68528,3100,10.763
2026-03-13 16:59:29.945000+00:00,0,0,0,15817,0,31562,27793,32962,356,12304,0,48144,24850,83784,2904,105806,20515,28541,171115,29210,3112,86936,4308,39171,170978,68455,3058,10.803
2026-03-13 16:59:29.985000+00:00,0,0,0,15802,0,31616,27822,32997,275,12265,0,48076,24831,83673,2890,105749,20420,28595,171128,29254,2873,86865,4295,39126,170875,68359,3032,10.843
2026-03-13 16:59:30.025000+00:00,0,0,0,15797,0,31664,27858,33036,228,12240,0,48050,24825,83664,2877,105698,20333,28631,171121,29271,2709,86811,4282,39097,170795,68305,3020,10.883
2026-03-13 16:59:30.065000+00:00,0,0,0,15821,0,31699,27892,33068,181,12244,0,48062,24816,83747,2872,105672,20297,28630,171096,29260,2505,86794,4280,39090,170745,68292,3008,10.923
2026-03-13 16:59:30.105000+00:00,0,0,0,15884,0,31732,27923,33084,156,12276,0,48077,24791,83821,2878,105672,20299,28598,171071,29239,2359,86811,4284,39089,170675,68265,3000,10.963
2026-03-13 16:59:30.145000+00:00,0,0,0,15957,0,31764,27964,33080,160,12309,0,48077,24762,83805,2885,105692,20269,28565,171054,29226,2335,86825,4283,39074,170533,68177,2994,11.003
2026-03-13 16:59:30.185000+00:00,0,0,0,16017,0,31791,28030,33077,164,12322,0,48066,24745,83709,2885,105728,20179,28571,171050,29233,2284,86777,4271,39026,170331,68042,2977,11.043
2026-03-13 16:59:30.225000+00:00,0,0,0,16076,0,31816,28116,33103,161,12331,0,48040,24742,83616,2877,105786,20089,28619,171074,29262,2220,86672,4261,38945,170152,67923,2955,11.083
2026-03-13 16:59:30.265000+00:00,0,0,0,16133,0,31848,28196,33169,165,12340,0,47997,24738,83573,2863,105863,20058,28684,171136,29308,2240,86572,4257,38869,170054,67853,2941,11.123
2026-03-13 16:59:30.305000+00:00,0,0,0,16167,0,31899,28252,33246,167,12333,0,47952,24720,83554,2849,105926,20065,28737,171194,29359,2220,86502,4249,38820,170004,67824,2923,11.163
2026-03-13 16:59:30.345000+00:00,0,0,0,16162,0,31970,28273,33296,176,12305,0,47914,24697,83507,2841,105920,20044,28767,171210,29404,2208,86436,4235,38786,169948,67804,2911,11.203
2026-03-13 16:59:30.385000+00:00,0,0,0,16107,0,32033,28234,33292,223,12268,0,47881,24687,83389,2835,105832,19967,28796,171190,29431,2427,86368,4218,38764,169877,67762,2930,11.243
2026-03-13 16:59:30.425000+00:00,0,0,0,16002,0,32035,28103,33212,294,12247,0,47856,24703,83218,2828,105730,19888,28839,171145,29427,2766,86329,4206,38773,169836,67719,2972,11.283
2026-03-13 16:59:30.465000+00:00,0,0,0,15881,0,31931,27896,33065,341,12261,0,47844,24740,83083,2831,105684,19878,28870,171064,29386,2967,86348,4208,38824,169860,67723,3005,11.323
2026-03-13 16:59:30.505000+00:00,0,0,0,15793,0,31751,27697,32919,345,12299,0,47850,24770,83058,2844,105685,19946,28853,170958,29321,2995,86406,4224,38883,169922,67767,3022,11.363
2026-03-13 16:59:30.545000+00:00,0,0,0,15759,0,31595,27586,32838,326,12326,0,47863,24768,83105,2850,105689,20032,28791,170862,29258,2985,86450,4242,38904,169958,67786,3028,11.403
2026-03-13 16:59:30.585000+00:00,0,0,0,15771,0,31523,27581,32823,303,12330,0,47853,24742,83125,2839,105682,20087,28723,170799,29213,2978,86457,4250,38869,169933,67736,3026,11.443
2026-03-13 16:59:30.625000+00:00,0,0,0,15806,0,31522,27642,32846,273,12318,0,47825,24714,83085,2821,105671,20101,28670,170772,29195,2917,86441,4244,38801,169869,67642,3010,11.483
2026-03-13 16:59:30.665000+00:00,0,0,0,15845,0,31560,27719,32888,250,12299,0,47796,24692,83016,2815,105661,20081,28636,170783,29209,2820,86420,4229,38728,169804,67556,2986,11.523
2026-03-13 16:59:30.705000+00:00,0,0,0,15870,0,31607,27784,32939,250,12277,0,47769,24677,82963,2822,105648,20049,28633,170823,29251,2760,86396,4219,38676,169764,67509,2966,11.563
2026-03-13 16:59:30.745000+00:00,0,0,0,15881,0,31640,27824,32987,258,12260,0,47742,24666,82959,2830,105635,20040,28663,170868,29299,2761,86376,4221,38659,169754,67499,2956,11.603
2026-03-13 16:59:30.785000+00:00,0,0,0,15891,0,31655,27846,33017,257,12258,0,47725,24660,82998,2827,105629,20056,28701,170889,29319,2788,86360,4232,38662,169747,67496,2953,11.643
2026-03-13 16:59:30.825000+00:00,0,0,0,15906,0,31662,27877,33032,251,12263,0,47721,24663,83039,2819,105632,20070,28721,170881,29309,2810,86349,4240,38665,169719,67478,2954,11.683
2026-03-13 16:59:30.865000+00:00,0,0,0,15926,0,31678,27927,33046,251,12261,0,47726,24670,83055,2818,105644,20065,28718,170869,29295,2818,86336,4238,38659,169672,67458,2957,11.723
2026-03-13 16:59:30.905000+00:00,0,0,0,15954,0,31706,27984,33066,251,12251,0,47732,24661,83048,2819,105669,20044,28702,170882,29301,2816,86319,4228,38642,169626,67447,2957,11.763
2026-03-13 16:59:30.945000+00:00,0,0,0,15993,0,31742,28038,33097,248,12240,0,47735,24632,83041,2817,105706,20018,28690,170928,29327,2812,86302,4216,38618,169591,67439,2955,11.803
2026-03-13 16:59:30.985000+00:00,0,0,0,16038,0,31782,28093,33139,251,12233,0,47734,24600,83047,2819,105741,19992,28700,170988,29356,2817,86281,4207,38594,169558,67422,2959,11.843
2026-03-13 16:59:31.025000+00:00,0,0,0,16084,0,31831,28147,33187,263,12235,0,47736,24579,83059,2830,105765,19975,28728,171042,29382,2829,86256,4205,38576,169523,67396,2968,11.883
2026-03-13 16:59:31.065000+00:00,0,0,0,16121,0,31889,28199,33236,275,12237,0,47751,24571,83079,2842,105776,19973,28754,171083,29409,2837,86229,4209,38559,169491,67384,2972,11.923
2026-03-13 16:59:31.105000+00:00,0,0,0,16133,0,31943,28256,33283,271,12221,0,47775,24577,83115,2837,105770,19984,28773,171117,29434,2838,86197,4217,38546,169468,67395,2968,11.963
2026-03-13 16:59:31.145000+00:00,0,0,0,16133,0,31984,28317,33321,252,12196,0,47789,24594,83146,2819,105756,19997,28801,171149,29443,2832,86164,4223,38542,169449,67404,2958,12.003
2026-03-13 16:59:31.185000+00:00,0,0,0,16140,0,32016,28347,33339,237,12188,0,47786,24605,83137,2803,105759,19995,28834,171173,29431,2828,86145,4222,38539,169426,67390,2952,12.043
2026-03-13 16:59:31.225000+00:00,0,0,0,16135,0,32031,28293,33304,235,12208,0,47765,24605,83057,2795,105786,19989,28854,171183,29393,2833,86157,4218,38529,169424,67364,2957,12.083
2026-03-13 16:59:31.265000+00:00,0,0,0,16075,0,31997,28129,33181,243,12243,0,47725,24614,82918,2793,105807,20013,28858,171156,29311,2842,86208,4220,38533,169483,67356,2972,12.123
2026-03-13 16:59:31.305000+00:00,0,0,0,15947,0,31879,27892,33013,254,12264,0,47678,24640,82799,2794,105787,20067,28843,171076,29217,2845,86278,4226,38567,169604,67386,2987,12.163
2026-03-13 16:59:31.345000+00:00,0,0,0,15800,0,31705,27685,32882,265,12252,0,47641,24662,82754,2801,105726,20111,28795,170954,29144,2838,86325,4223,38605,169720,67426,2995,12.203
2026-03-13 16:59:31.385000+00:00,0,0,0,15700,0,31563,27583,32810,276,12220,0,47619,24660,82749,2810,105636,20130,28716,170821,29062,2826,86327,4214,38607,169748,67426,2990,12.243
2026-03-13 16:59:31.425000+00:00,0,0,0,15672,0,31512,27585,32795,277,12189,0,47610,24635,82736,2810,105535,20135,28631,170715,29013,2821,86293,4208,38568,169683,67368,2980,12.283
2026-03-13 16:59:31.465000+00:00,0,0,0,15699,0,31534,27639,32852,267,12174,0,47608,24596,82714,2797,105468,20140,28566,170662,29083,2824,86256,4207,38506,169587,67285,2971,12.323
2026-03-13 16:59:31.505000+00:00,0,0,0,15756,0,31583,27700,32958,258,12179,0,47606,24560,82705,2785,105464,20149,28538,170658,29232,2823,86239,4210,38448,169520,67227,2961,12.363
2026-03-13 16:59:31.545000+00:00,0,0,0,15815,0,31629,27755,33077,256,12196,0,47603,24545,82732,2782,105498,20166,28550,170685,29382,2815,86244,4214,38421,169500,67220,2949,12.403
2026-03-13 16:59:31.585000+00:00,0,0,0,15856,0,31662,27798,33210,260,12213,0,47605,24551,82786,2785,105530,20183,28580,170712,29577,2810,86259,4212,38423,169505,67256,2943,12.443
2026-03-13 16:59:31.625000+00:00,0,0,0,15885,0,31678,27826,33360,269,12231,0,47606,24557,82828,2794,105546,20191,28603,170717,29862,2817,86271,4209,38430,169491,67288,2948,12.483
2026-03-13 16:59:31.665000+00:00,0,0,0,15905,0,31675,27848,33439,269,12237,0,47591,24549,82836,2796,105540,20188,28614,170704,30043,2831,86262,4209,38427,169438,67274,2955,12.523
2026-03-13 16:59:31.705000+00:00,0,0,0,15910,0,31669,27883,33392,256,12216,0,47562,24534,82821,2786,105501,20169,28624,170696,29978,2837,86218,4209,38419,169359,67215,2954,12.563
2026-03-13 16:59:31.745000+00:00,0,0,0,15916,0,31681,27946,33327,248,12183,0,47540,24529,82814,2777,105446,20131,28643,170696,29886,2832,86153,4203,38415,169281,67161,2942,12.603
2026-03-13 16:59:31.785000+00:00,0,0,0,15945,0,31717,28026,33316,250,12167,0,47541,24535,82841,2778,105416,20092,28666,170708,29835,2822,86103,4193,38417,169227,67144,2929,12.643
2026-03-13 16:59:31.825000+00:00,0,0,0,15987,0,31773,28096,33312,247,12166,0,47570,24537,82901,2779,105428,20071,28676,170742,29647,2821,86075,4185,38413,169206,67150,2926,12.683
2026-03-13 16:59:31.865000+00:00,0,0,0,16034,0,31836,28142,33292,245,12175,0,47619,24526,82973,2781,105478,20064,28672,170798,29384,2830,86062,4180,38401,169199,67168,2933,12.723
2026-03-13 16:59:31.905000+00:00,0,0,0,16084,0,31892,28176,33277,254,12192,0,47665,24511,83038,2797,105557,20053,28678,170854,29214,2838,86062,4173,38399,169180,67191,2941,12.763
2026-03-13 16:59:31.945000+00:00,0,0,0,16115,0,31932,28207,33240,269,12199,0,47690,24503,83077,2820,105631,20034,28702,170892,29074,2836,86053,4166,38409,169142,67196,2941,12.803
2026-03-13 16:59:31.985000+00:00,0,0,0,16112,0,31953,28223,33140,278,12187,0,47691,24500,83066,2832,105651,20015,28729,170910,28839,2824,86024,4163,38413,169091,67166,2933,12.843
2026-03-13 16:59:32.025000+00:00,0,0,0,16078,0,31944,28186,33040,278,12181,0,47677,24505,82989,2828,105615,20010,28747,170910,28678,2814,86005,4168,38405,169059,67137,2927,12.883
2026-03-13 16:59:32.065000+00:00,0,0,0,15999,0,31885,28056,32988,274,12189,0,47659,24528,82877,2816,105554,20029,28757,170875,28757,2811,86030,4180,38413,169101,67162,2932,12.923
2026-03-13 16:59:32.105000+00:00,0,0,0,15864,0,31774,27856,32909,269,12192,0,47648,24569,82794,2804,105476,20081,28755,170790,28845,2814,86088,4197,38462,169226,67240,2947,12.963
2026-03-13 16:59:32.145000+00:00,0,0,0,15720,0,31646,27674,32813,259,12175,0,47648,24606,82793,2792,105381,20153,28730,170668,28842,2821,86140,4212,38531,169361,67324,2965,13.003
2026-03-13 16:59:32.185000+00:00,0,0,0,15642,0,31550,27579,32803,250,12158,0,47654,24609,82855,2787,105302,20205,28673,170542,28916,2829,86164,4222,38574,169407,67367,2977,13.043
2026-03-13 16:59:32.225000+00:00,0,0,0,15656,0,31504,27572,32854,248,12166,0,47658,24583,82919,2791,105273,20216,28600,170449,29049,2835,86165,4227,38573,169339,67353,2977,13.083
2026-03-13 16:59:32.265000+00:00,0,0,0,15726,0,31504,27620,32909,249,12192,0,47663,24552,82963,2799,105294,20196,28549,170406,29139,2840,86157,4227,38549,169214,67312,2972,13.123
2026-03-13 16:59:32.305000+00:00,0,0,0,15790,0,31543,27691,32984,248,12205,0,47676,24538,83003,2802,105335,20162,28542,170410,29221,2842,86141,4218,38529,169107,67287,2967,13.163
2026-03-13 16:59:32.345000+00:00,0,0,0,15817,0,31606,27763,33087,246,12193,0,47695,24548,83041,2801,105360,20127,28569,170436,29345,2841,86118,4202,38520,169051,67292,2963,13.203
2026-03-13 16:59:32.385000+00:00,0,0,0,15828,0,31661,27815,33168,243,12188,0,47706,24570,83059,2797,105365,20106,28602,170453,29444,2837,86106,4188,38514,169028,67309,2961,13.243
2026-03-13 16:59:32.425000+00:00,0,0,0,15856,0,31680,27843,33185,237,12208,0,47695,24583,83049,2787,105363,20109,28623,170454,29453,2833,86114,4189,38504,169008,67312,2961,13.283
2026-03-13 16:59:32.465000+00:00,0,0,0,15885,0,31670,27865,33171,230,12223,0,47670,24577,83021,2780,105356,20119,28629,170444,29428,2825,86111,4197,38486,168959,67289,2956,13.323
2026-03-13 16:59:32.505000+00:00,0,0,0,15880,0,31668,27902,33164,232,12190,0,47653,24558,83004,2785,105329,20113,28624,170439,29411,2815,86065,4198,38464,168886,67256,2946,13.363
2026-03-13 16:59:32.545000+00:00,0,0,0,15849,0,31693,27953,33173,238,12122,0,47657,24532,83018,2794,105292,20091,28615,170464,29374,2810,85989,4191,38440,168820,67228,2938,13.403
2026-03-13 16:59:32.585000+00:00,0,0,0,15845,0,31738,28012,33202,237,12074,0,47675,24509,83061,2795,105278,20072,28605,170514,29334,2817,85933,4183,38411,168775,67211,2940,13.443
2026-03-13 16:59:32.625000+00:00,0,0,0,15889,0,31789,28075,33252,231,12074,0,47694,24496,83115,2791,105300,20068,28610,170567,29331,2829,85919,4179,38390,168744,67204,2946,13.483
2026-03-13 16:59:32.665000+00:00,0,0,0,15946,0,31832,28129,33317,235,12092,0,47701,24489,83159,2796,105337,20068,28639,170617,29380,2833,85924,4176,38390,168718,67208,2950,13.523
2026-03-13 16:59:32.705000+00:00,0,0,0,15986,0,31865,28157,33378,246,12106,0,47694,24478,83164,2808,105374,20061,28675,170662,29466,2827,85930,4173,38399,168691,67213,2946,13.563
2026-03-13 16:59:32.745000+00:00,0,0,0,15998,0,31874,28137,33394,251,12124,0,47677,24474,83119,2811,105406,20060,28705,170691,29522,2817,85945,4178,38411,168682,67212,2940,13.603
2026-03-13 16:59:32.785000+00:00,0,0,0,15968,0,31835,28036,33328,242,12157,0,47651,24491,83029,2795,105415,20094,28727,170686,29495,2811,85990,4191,38434,168726,67219,2941,13.643
2026-03-13 16:59:32.825000+00:00,0,0,0,15885,0,31739,27852,33186,230,12195,0,47617,24521,82909,2774,105381,20164,28731,170614,29408,2810,86060,4203,38465,168815,67235,2949,13.683
2026-03-13 16:59:32.865000+00:00,0,0,0,15777,0,31625,27654,33032,224,12214,0,47586,24538,82787,2759,105303,20227,28697,170481,29306,2809,86119,4206,38482,168884,67230,2954,13.723
2026-03-13 16:59:32.905000+00:00,0,0,0,15692,0,31544,27527,32927,223,12204,0,47571,24530,82710,2756,105200,20245,28626,170342,29214,2812,86142,4203,38474,168893,67194,2956,13.763
2026-03-13 16:59:32.945000+00:00,0,0,0,15662,0,31515,27496,32894,233,12184,0,47580,24507,82708,2768,105104,20225,28540,170242,29150,2815,86139,4204,38449,168853,67152,2957,13.803
2026-03-13 16:59:32.985000+00:00,0,0,0,15689,0,31518,27527,32913,250,12180,0,47596,24480,82768,2787,105062,20199,28478,170188,29123,2816,86137,4207,38427,168787,67119,2955,13.843
2026-03-13 16:59:33.025000+00:00,0,0,0,15745,0,31536,27582,32958,261,12192,0,47602,24459,82845,2799,105083,20188,28467,170165,29126,2820,86141,4208,38419,168705,67095,2950,13.883
2026-03-13 16:59:33.065000+00:00,0,0,0,15786,0,31570,27636,33001,266,12196,0,47598,24454,82876,2802,105115,20182,28495,170161,29149,2823,86138,4205,38419,168616,67074,2944,13.923
2026-03-13 16:59:33.105000+00:00,0,0,0,15797,0,31613,27672,33028,270,12185,0,47590,24458,82843,2802,105114,20173,28528,170164,29183,2821,86125,4200,38413,168543,67052,2937,13.963
2026-03-13 16:59:33.145000+00:00,0,0,0,15805,0,31643,27679,33041,272,12182,0,47583,24459,82793,2802,105101,20163,28543,170130,29215,2808,86123,4196,38400,168498,67042,2928,14.003
2026-03-13 16:59:33.185000+00:00,0,0,0,15830,0,31649,27663,33058,272,12197,0,47577,24447,82783,2804,105108,20165,28541,170035,29234,2789,86140,4195,38387,168468,67049,2914,14.043
2026-03-13 16:59:33.225000+00:00,0,0,0,15857,0,31647,27671,33088,265,12202,0,47567,24424,82800,2800,105126,20172,28530,169970,29241,2783,86145,4193,38368,168429,67046,2910,14.083
2026-03-13 16:59:33.266000+00:00,0,0,0,15864,0,31663,27736,33127,251,12171,0,47554,24396,82795,2785,105122,20167,28514,170023,29241,2800,86109,4191,38334,168352,67001,2923,14.124
2026-03-13 16:59:33.306000+00:00,0,0,0,15862,0,31696,27822,33168,239,12122,0,47541,24371,82781,2769,105098,20142,28506,170126,29235,2829,86050,4190,38297,168241,66931,2944,14.164
2026-03-13 16:59:33.346000+00:00,0,0,0,15875,0,31737,27900,33218,231,12092,0,47545,24356,82817,2763,105091,20113,28516,170225,29236,2851,86017,4188,38286,168156,66892,2960,14.204
2026-03-13 16:59:33.386000+00:00,0,0,0,15908,0,31782,27985,33275,232,12093,0,47578,24354,82923,2772,105121,20106,28541,170363,29257,2855,86025,4178,38305,168139,66918,2964,14.244
2026-03-13 16:59:33.426000+00:00,0,0,0,15948,0,31829,28084,33324,243,12111,0,47630,24367,83031,2791,105172,20123,28569,170541,29293,2844,86047,4166,38330,168161,66978,2959,14.284
2026-03-13 16:59:33.466000+00:00,0,0,0,15968,0,31871,28150,33335,257,12130,0,47672,24382,83024,2803,105212,20139,28587,170675,29324,2831,86059,4164,38328,168157,66991,2949,14.324
2026-03-13 16:59:33.506000+00:00,0,0,0,15930,0,31892,28147,33279,262,12136,0,47671,24391,82834,2793,105223,20140,28602,170777,29330,2824,86071,4172,38302,168124,66921,2943,14.364
2026-03-13 16:59:33.546000+00:00,0,0,0,15812,0,31857,28081,33145,256,12126,0,47602,24409,82534,2761,105203,20138,28620,170931,29298,2825,86110,4183,38298,168148,66830,2945,14.404
2026-03-13 16:59:33.586000+00:00,0,0,0,15659,0,31737,27921,32975,244,12118,0,47483,24438,82285,2726,105144,20160,28626,170954,29229,2827,86182,4191,38333,168255,66784,2949,14.444
2026-03-13 16:59:33.626000+00:00,0,0,0,15555,0,31566,27673,32845,239,12127,0,47381,24453,82179,2708,105061,20206,28592,170638,29145,2828,86261,4197,38370,168351,66770,2949,14.484
2026-03-13 16:59:33.666000+00:00,0,0,0,15527,0,31429,27482,32784,242,12145,0,47333,24441,82170,2710,104987,20243,28522,170212,29072,2830,86313,4199,38369,168351,66739,2946,14.524
2026-03-13 16:59:33.706000+00:00,0,0,0,15540,0,31367,27413,32764,249,12148,0,47311,24403,82151,2719,104935,20232,28445,169943,29029,2829,86315,4192,38333,168257,66669,2941,14.564
2026-03-13 16:59:33.746000+00:00,0,0,0,15567,0,31357,27390,32754,255,12139,0,47285,24359,82076,2726,104910,20175,28395,169791,29020,2820,86286,4182,38288,168130,66585,2930,14.604
2026-03-13 16:59:33.786000+00:00,0,0,0,15603,0,31372,27371,32752,261,12137,0,47253,24338,81981,2729,104925,20119,28398,169658,29041,2806,86266,4177,38261,168031,66522,2916,14.644
2026-03-13 16:59:33.826000+00:00,0,0,0,15638,0,31397,27368,32763,260,12147,0,47217,24348,81899,2722,104967,20095,28447,169550,29075,2798,86274,4178,38255,167982,66488,2909,14.684
2026-03-13 16:59:33.866000+00:00,0,0,0,15662,0,31426,27342,32782,252,12158,0,47186,24358,81830,2705,105007,20093,28497,169416,29101,2797,86294,4182,38249,167956,66458,2908,14.724
2026-03-13 16:59:33.906000+00:00,0,0,0,15682,0,31450,27254,32799,243,12167,0,47159,24341,81760,2685,105037,20096,28511,169157,29106,2799,86315,4189,38220,167916,66396,2907,14.764
2026-03-13 16:59:33.946000+00:00,0,0,0,15704,0,31453,27198,32809,235,12168,0,47122,24303,81687,2666,105053,20089,28491,169012,29094,2805,86322,4197,38170,167861,66297,2907,14.804
2026-03-13 16:59:33.986000+00:00,0,0,0,15714,0,31442,27275,32815,235,12146,0,47075,24266,81627,2661,105055,20059,28468,169237,29079,2814,86297,4194,38119,167811,66193,2911,14.844
2026-03-13 16:59:34.026000+00:00,0,0,0,15712,0,31436,27408,32822,241,12106,0,47034,24237,81588,2666,105065,20014,28460,169568,29067,2825,86246,4181,38081,167750,66108,2916,14.884
2026-03-13 16:59:34.066000+00:00,0,0,0,15722,0,31448,27521,32833,240,12076,0,46999,24223,81538,2661,105104,19976,28465,169767,29054,2837,86205,4172,38048,167672,66025,2917,14.924
2026-03-13 16:59:34.106000+00:00,0,0,0,15759,0,31470,27642,32841,231,12075,0,46955,24228,81427,2641,105176,19962,28485,169937,29048,2842,86196,4177,38013,167603,65925,2911,14.964
2026-03-13 16:59:34.146000+00:00,0,0,0,15807,0,31498,27763,32842,225,12089,0,46900,24246,81250,2618,105258,19967,28516,170120,29062,2838,86206,4185,37974,167552,65815,2899,15.004
2026-03-13 16:59:34.186000+00:00,0,0,0,15841,0,31534,27849,32845,228,12089,0,46852,24260,81078,2606,105322,19974,28551,170251,29096,2827,86207,4187,37937,167509,65721,2885,15.044
2026-03-13 16:59:34.226000+00:00,0,0,0,15871,0,31567,27897,32861,238,12088,0,46819,24260,80971,2607,105370,19969,28587,170325,29136,2816,86196,4183,37912,167468,65655,2870,15.084
2026-03-13 16:59:34.266000+00:00,0,0,0,15911,0,31593,27927,32885,241,12097,0,46795,24245,80915,2608,105423,19948,28616,170381,29170,2811,86187,4171,37895,167432,65611,2859,15.124
2026-03-13 16:59:34.306000+00:00,0,0,0,15925,0,31626,27950,32908,234,12084,0,46787,24217,80885,2598,105463,19907,28628,170439,29190,2814,86165,4152,37875,167401,65577,2854,15.164
2026-03-13 16:59:34.346000+00:00,0,0,0,15900,0,31661,27971,32924,226,12038,0,46792,24194,80871,2588,105476,19854,28632,170495,29195,2819,86130,4129,37854,167371,65545,2853,15.204
2026-03-13 16:59:34.386000+00:00,0,0,0,15874,0,31672,27966,32921,228,12016,0,46786,24189,80846,2587,105494,19819,28649,170549,29198,2823,86126,4112,37844,167361,65521,2856,15.244
2026-03-13 16:59:34.426000+00:00,0,0,0,15854,0,31631,27876,32876,237,12059,0,46755,24211,80767,2585,105530,19830,28694,170579,29210,2826,86198,4116,37868,167418,65527,2867,15.284
2026-03-13 16:59:34.466000+00:00,0,0,0,15788,0,31530,27676,32765,248,12131,0,46712,24257,80629,2580,105544,19885,28747,170528,29211,2829,86326,4143,37930,167559,65570,2884,15.324
2026-03-13 16:59:34.506000+00:00,0,0,0,15663,0,31399,27435,32609,262,12170,0,46681,24305,80491,2580,105490,19962,28757,170379,29174,2832,86441,4180,38000,167724,65621,2899,15.364
2026-03-13 16:59:34.546000+00:00,0,0,0,15548,0,31281,27258,32476,272,12170,0,46672,24327,80428,2586,105385,20035,28702,170200,29103,2838,86510,4203,38037,167829,65647,2910,15.404
2026-03-13 16:59:34.586000+00:00,0,0,0,15510,0,31201,27192,32409,270,12172,0,46676,24321,80455,2587,105293,20072,28612,170072,29026,2842,86543,4207,38038,167846,65638,2914,15.444
2026-03-13 16:59:34.626000+00:00,0,0,0,15531,0,31158,27206,32397,260,12177,0,46688,24295,80538,2588,105247,20059,28531,170029,28966,2836,86544,4195,38024,167801,65615,2905,15.484
2026-03-13 16:59:34.666000+00:00,0,0,0,15545,0,31147,27252,32417,255,12152,0,46707,24257,80639,2597,105227,20019,28480,170047,28935,2824,86505,4174,38012,167734,65605,2886,15.524
2026-03-13 16:59:34.706000+00:00,0,0,0,15529,0,31169,27313,32464,255,12095,0,46740,24223,80748,2609,105193,19985,28456,170113,28941,2817,86440,4154,38002,167679,65624,2873,15.564
2026-03-13 16:59:34.746000+00:00,0,0,0,15521,0,31225,27384,32539,254,12050,0,46786,24206,80863,2618,105150,19979,28464,170222,28981,2820,86394,4145,37999,167666,65669,2872,15.604
2026-03-13 16:59:34.786000+00:00,0,0,0,15554,0,31293,27448,32621,249,12051,0,46828,24208,80970,2618,105132,19992,28502,170302,29028,2826,86396,4150,38009,167685,65723,2875,15.644
2026-03-13 16:59:34.826000+00:00,0,0,0,15608,0,31340,27487,32684,234,12078,0,46848,24216,81044,2607,105157,19998,28538,170278,29052,2829,86424,4157,38025,167689,65758,2875,15.684
2026-03-13 16:59:34.866000+00:00,0,0,0,15656,0,31365,27517,32712,215,12101,0,46851,24220,81068,2592,105215,19984,28546,170193,29052,2826,86439,4158,38027,167645,65755,2872,15.724
2026-03-13 16:59:34.906000+00:00,0,0,0,15692,0,31381,27557,32716,203,12107,0,46845,24216,81057,2583,105270,19951,28523,170139,29040,2820,86420,4151,38008,167567,65716,2870,15.764
2026-03-13 16:59:34.946000+00:00,0,0,0,15700,0,31389,27602,32718,203,12080,0,46833,24200,81045,2581,105286,19910,28480,170148,29023,2816,86365,4140,37976,167491,65664,2869,15.804
2026-03-13 16:59:34.986000+00:00,0,0,0,15686,0,31394,27640,32731,209,12032,0,46822,24172,81053,2587,105279,19878,28434,170190,29014,2815,86300,4125,37941,167436,65625,2871,15.844
2026-03-13 16:59:35.026000+00:00,0,0,0,15703,0,31404,27677,32757,215,12013,0,46818,24145,81077,2594,105294,19869,28412,170229,29019,2811,86265,4119,37915,167401,65609,2867,15.884
2026-03-13 16:59:35.066000+00:00,0,0,0,15769,0,31414,27723,32791,217,12042,0,46820,24131,81100,2597,105347,19885,28430,170265,29034,2805,86273,4126,37900,167388,65610,2859,15.924
2026-03-13 16:59:35.106000+00:00,0,0,0,15846,0,31414,27773,32824,222,12080,0,46822,24125,81117,2605,105412,19908,28466,170312,29053,2808,86298,4139,37889,167396,65617,2856,15.964
2026-03-13 16:59:35.146000+00:00,0,0,0,15891,0,31418,27825,32855,234,12091,0,46822,24127,81134,2622,105458,19912,28495,170368,29073,2823,86311,4146,37885,167407,65619,2862,16.004
2026-03-13 16:59:35.186000+00:00,0,0,0,15907,0,31453,27879,32881,250,12078,0,46820,24133,81154,2644,105482,19886,28499,170414,29088,2835,86302,4142,37888,167398,65613,2864,16.044
2026-03-13 16:59:35.226000+00:00,0,0,0,15937,0,31499,27928,32900,265,12078,0,46821,24137,81176,2663,105512,19845,28471,170438,29100,2833,86289,4128,37888,167365,65610,2857,16.084
2026-03-13 16:59:35.266000+00:00,0,0,0,15990,0,31536,27966,32916,273,12103,0,46829,24134,81200,2674,105553,19816,28446,170452,29113,2830,86287,4117,37884,167329,65622,2857,16.124
2026-03-13 16:59:35.306000+00:00,0,0,0,16038,0,31573,27996,32936,275,12129,0,46837,24135,81223,2677,105589,19811,28473,170474,29128,2834,86292,4118,37888,167313,65645,2863,16.164
2026-03-13 16:59:35.346000+00:00,0,0,0,16050,0,31612,28010,32955,275,12143,0,46838,24160,81221,2675,105605,19831,28557,170509,29155,2834,86307,4131,37917,167341,65670,2862,16.204
2026-03-13 16:59:35.386000+00:00,0,0,0,16000,0,31652,27964,32955,266,12154,0,46832,24219,81168,2657,105598,19887,28730,170547,29197,2828,86348,4155,37975,167448,65701,2857,16.244
2026-03-13 16:59:35.426000+00:00,0,0,0,15880,0,31711,27810,32898,249,12165,0,46829,24288,81063,2625,105569,19971,29082,170549,29227,2823,86426,4182,38059,167636,65743,2857,16.284
2026-03-13 16:59:35.466000+00:00,0,0,0,15731,0,31785,27590,32778,236,12173,0,46832,24336,80948,2600,105519,20037,29586,170472,29205,2821,86522,4196,38151,167834,65785,2866,16.324
2026-03-13 16:59:35.506000+00:00,0,0,0,15618,0,31787,27410,32651,230,12176,0,46836,24351,80885,2588,105467,20058,29906,170338,29135,2819,86604,4196,38204,167954,65811,2876,16.364
2026-03-13 16:59:35.546000+00:00,0,0,0,15572,0,31658,27330,32573,224,12176,0,46840,24338,80892,2583,105435,20043,29789,170223,29058,2818,86650,4188,38186,167984,65816,2881,16.404
2026-03-13 16:59:35.586000+00:00,0,0,0,15577,0,31491,27329,32546,222,12173,0,46854,24309,80939,2587,105425,20006,29406,170170,29008,2823,86661,4177,38134,167965,65813,2885,16.444
2026-03-13 16:59:35.626000+00:00,0,0,0,15613,0,31365,27370,32558,226,12172,0,46875,24280,80997,2600,105435,19963,28962,170161,28988,2831,86658,4167,38092,167925,65809,2889,16.484
2026-03-13 16:59:35.666000+00:00,0,0,0,15661,0,31262,27425,32597,233,12177,0,46891,24264,81051,2614,105462,19943,28534,170175,28995,2837,86660,4165,38067,167892,65808,2892,16.524
2026-03-13 16:59:35.706000+00:00,0,0,0,15700,0,31145,27475,32646,244,12182,0,46899,24264,81092,2629,105489,19950,28145,170220,29029,2842,86668,4169,38062,167896,65821,2897,16.564
2026-03-13 16:59:35.746000+00:00,0,0,0,15726,0,31045,27513,32686,256,12187,0,46903,24269,81107,2642,105505,19959,27841,170288,29074,2846,86676,4171,38071,167937,65837,2903,16.604
2026-03-13 16:59:35.786000+00:00,0,0,0,15745,0,31040,27540,32702,267,12186,0,46905,24268,81103,2651,105510,19947,27711,170350,29101,2843,86678,4165,38076,167976,65845,2905,16.644
2026-03-13 16:59:35.826000+00:00,0,0,0,15759,0,31115,27564,32702,271,12179,0,46918,24264,81133,2658,105521,19918,27716,170396,29101,2832,86679,4153,38073,168001,65869,2897,16.684
2026-03-13 16:59:35.866000+00:00,0,0,0,15787,0,31205,27599,32708,262,12182,0,46939,24261,81213,2658,105558,19897,27825,170430,29086,2821,86691,4146,38080,168022,65912,2887,16.724
2026-03-13 16:59:35.906000+00:00,0,0,0,15842,0,31301,27642,32728,244,12208,0,46958,24254,81307,2649,105626,19897,28097,170458,29074,2821,86718,4149,38102,168036,65956,2887,16.764
2026-03-13 16:59:35.946000+00:00,0,0,0,15903,0,31390,27690,32756,232,12235,0,46976,24247,81386,2643,105705,19907,28429,170487,29074,2828,86749,4155,38124,168049,65994,2898,16.804
2026-03-13 16:59:35.986000+00:00,0,0,0,15941,0,31455,27741,32789,226,12239,0,46992,24247,81441,2642,105770,19906,28692,170519,29080,2835,86764,4156,38128,168062,66016,2906,16.844
2026-03-13 16:59:36.026000+00:00,0,0,0,15963,0,31527,27789,32820,224,12225,0,47002,24243,81466,2646,105801,19887,28858,170547,29094,2835,86760,4151,38122,168063,66016,2907,16.884
2026-03-13 16:59:36.066000+00:00,0,0,0,15990,0,31633,27827,32843,231,12218,0,47010,24233,81477,2659,105803,19868,28921,170576,29116,2828,86756,4150,38124,168058,66015,2903,16.924
2026-03-13 16:59:36.106000+00:00,0,0,0,16020,0,31735,27859,32857,249,12218,0,47012,24226,81493,2682,105798,19869,28902,170619,29143,2815,86761,4159,38138,168071,66029,2894,16.964
2026-03-13 16:59:36.146000+00:00,0,0,0,16024,0,31761,27881,32867,271,12208,0,47008,24230,81505,2708,105784,19883,28844,170669,29174,2803,86768,4167,38156,168109,66056,2881,17.004
2026-03-13 16:59:36.186000+00:00,0,0,0,15990,0,31709,27868,32873,284,12197,0,47001,24250,81481,2716,105765,19902,28823,170711,29210,2802,86788,4168,38181,168181,66084,2880,17.044
2026-03-13 16:59:36.226000+00:00,0,0,0,15920,0,31633,27789,32854,279,12207,0,46992,24302,81406,2700,105763,19941,28865,170733,29242,2810,86847,4169,38227,168309,66117,2894,17.084
2026-03-13 16:59:36.266000+00:00,0,0,0,15816,0,31557,27639,32781,266,12229,0,46984,24375,81307,2673,105770,19997,28902,170701,29245,2819,86940,4179,38290,168478,66167,2912,17.124
2026-03-13 16:59:36.306000+00:00,0,0,0,15714,0,31483,27470,32666,257,12251,0,46986,24425,81227,2656,105758,20050,28889,170602,29204,2821,87031,4194,38342,168617,66215,2922,17.164
2026-03-13 16:59:36.346000+00:00,0,0,0,15656,0,31412,27352,32566,257,12262,0,46998,24426,81201,2655,105724,20077,28815,170485,29135,2819,87089,4203,38355,168670,66225,2921,17.204
2026-03-13 16:59:36.386000+00:00,0,0,0,15638,0,31339,27324,32525,258,12253,0,47003,24399,81224,2660,105684,20068,28702,170413,29072,2818,87096,4201,38332,168650,66192,2916,17.244
2026-03-13 16:59:36.426000+00:00,0,0,0,15649,0,31287,27368,32538,253,12234,0,46994,24370,81266,2657,105664,20034,28609,170395,29033,2820,87074,4191,38301,168596,66145,2912,17.284
2026-03-13 16:59:36.466000+00:00,0,0,0,15680,0,31281,27435,32578,241,12222,0,46986,24351,81312,2647,105676,20015,28565,170411,29032,2819,87059,4189,38281,168567,66127,2905,17.324
2026-03-13 16:59:36.506000+00:00,0,0,0,15714,0,31314,27492,32627,238,12222,0,46995,24344,81352,2648,105708,20029,28556,170457,29068,2812,87065,4195,38266,168592,66147,2897,17.364
2026-03-13 16:59:36.546000+00:00,0,0,0,15750,0,31362,27541,32672,254,12234,0,47010,24352,81366,2667,105741,20044,28574,170512,29121,2810,87080,4195,38252,168628,66166,2896,17.404
2026-03-13 16:59:36.586000+00:00,0,0,0,15791,0,31397,27582,32699,270,12254,0,47011,24364,81350,2684,105768,20023,28610,170543,29153,2818,87088,4181,38242,168624,66148,2903,17.444
2026-03-13 16:59:36.626000+00:00,0,0,0,15827,0,31405,27618,32708,270,12267,0,46995,24368,81337,2682,105787,19980,28640,170544,29148,2830,87083,4167,38241,168587,66111,2911,17.484
2026-03-13 16:59:36.666000+00:00,0,0,0,15845,0,31406,27660,32717,258,12257,0,46986,24369,81357,2668,105797,19955,28647,170544,29126,2837,87066,4166,38242,168556,66087,2914,17.524
2026-03-13 16:59:36.706000+00:00,0,0,0,15854,0,31426,27713,32744,251,12231,0,47000,24364,81408,2663,105801,19966,28632,170578,29115,2836,87045,4172,38232,168561,66085,2911,17.564
2026-03-13 16:59:36.746000+00:00,0,0,0,15875,0,31464,27767,32783,256,12212,0,47034,24349,81455,2672,105810,19992,28612,170635,29125,2828,87032,4178,38213,168583,66092,2903,17.604
2026-03-13 16:59:36.786000+00:00,0,0,0,15917,0,31497,27813,32813,267,12213,0,47062,24328,81462,2684,105829,19999,28604,170686,29139,2818,87025,4183,38189,168585,66082,2894,17.644
2026-03-13 16:59:36.826000+00:00,0,0,0,15960,0,31511,27854,32835,268,12218,0,47055,24308,81445,2686,105854,19964,28619,170734,29141,2815,87015,4189,38172,168568,66055,2888,17.684
2026-03-13 16:59:36.866000+00:00,0,0,0,15970,0,31525,27896,32863,259,12198,0,47019,24300,81448,2675,105870,19861,28650,170790,29140,2817,86992,4186,38168,168557,66032,2884,17.724
2026-03-13 16:59:36.906000+00:00,0,0,0,15954,0,31554,27938,32898,246,12158,0,46995,24303,81481,2661,105871,19681,28688,170849,29155,2820,86962,4174,38172,168566,66030,2879,17.764
2026-03-13 16:59:36.946000+00:00,0,0,0,15951,0,31594,27960,32926,238,12145,0,47001,24312,81504,2654,105875,19533,28720,170906,29189,2819,86956,4170,38177,168599,66047,2878,17.804
2026-03-13 16:59:36.986000+00:00,0,0,0,15965,0,31625,27932,32922,241,12181,0,47011,24334,81458,2652,105897,19611,28748,170939,29237,2814,87000,4191,38181,168662,66074,2878,17.844
2026-03-13 16:59:37.026000+00:00,0,0,0,15944,2,31609,27817,32867,253,12241,0,46996,24375,81332,2653,105932,19916,28782,170921,29277,2809,87095,4223,38202,168783,66113,2882,17.884
2026-03-13 16:59:37.066000+00:00,0,0,0,15853,21,31527,27624,32762,269,12282,0,46959,24423,81181,2654,105947,20192,28810,170851,29273,2811,87201,4242,38248,168963,66157,2895,17.924
2026-03-13 16:59:37.106000+00:00,0,0,0,15731,91,31406,27435,32641,279,12286,0,46916,24454,81064,2653,105905,20266,28794,170743,29213,2815,87272,4236,38285,169121,66166,2910,17.964
2026-03-13 16:59:37.146000+00:00,0,0,0,15646,222,31297,27332,32548,277,12273,0,46880,24459,81000,2647,105831,20216,28735,170625,29122,2821,87293,4219,38287,169170,66116,2913,18.004
2026-03-13 16:59:37.186000+00:00,0,0,0,15625,326,31230,27320,32503,267,12263,0,46857,24442,80984,2635,105768,20155,28661,170533,29039,2831,87278,4211,38260,169119,66036,2909,18.044
2026-03-13 16:59:37.227000+00:00,0,0,0,15653,317,31209,27361,32502,255,12261,0,46845,24416,80999,2627,105742,20109,28600,170485,28984,2842,87255,4214,38222,169033,65964,2908,18.085
2026-03-13 16:59:37.267000+00:00,0,0,0,15707,230,31223,27417,32532,254,12270,0,46844,24392,81034,2629,105766,20078,28570,170478,28971,2845,87249,4218,38193,168972,65929,2906,18.125
2026-03-13 16:59:37.307000+00:00,0,0,0,15763,127,31263,27470,32578,259,12283,0,46853,24379,81074,2638,105823,20033,28574,170505,29007,2839,87261,4215,38183,168956,65940,2898,18.165
2026-03-13 16:59:37.347000+00:00,0,0,0,15794,48,31315,27515,32625,264,12283,0,46868,24375,81094,2644,105868,19901,28596,170553,29076,2833,87261,4198,38178,168966,65973,2893,18.205
2026-03-13 16:59:37.387000+00:00,0,0,0,15800,11,31361,27550,32657,265,12266,0,46878,24372,81094,2645,105882,19661,28616,170601,29131,2834,87237,4170,38168,168979,65997,2896,18.245
2026-03-13 16:59:37.427000+00:00,0,0,0,15804,1,31390,27583,32673,258,12246,0,46881,24366,81096,2638,105881,19481,28620,170626,29143,2839,87210,4152,38151,168975,65993,2898,18.285
2026-03-13 16:59:37.467000+00:00,0,0,0,15826,0,31405,27627,32688,251,12237,0,46878,24359,81118,2631,105884,19468,28608,170629,29125,2841,87195,4154,38129,168950,65969,2892,18.325
2026-03-13 16:59:37.507000+00:00,0,0,0,15859,0,31414,27681,32714,250,12233,0,46870,24352,81156,2631,105896,19435,28597,170640,29105,2836,87183,4157,38110,168919,65941,2881,18.365
2026-03-13 16:59:37.547000+00:00,0,0,0,15893,0,31428,27733,32746,249,12224,0,46860,24333,81189,2635,105915,19353,28590,170683,29096,2831,87160,4158,38093,168894,65916,2873,18.405
2026-03-13 16:59:37.587000+00:00,0,0,0,15926,0,31449,27776,32776,242,12214,0,46851,24304,81197,2630,105941,19447,28584,170751,29099,2830,87131,4174,38074,168876,65893,2871,18.445
2026-03-13 16:59:37.627000+00:00,0,0,0,15956,0,31478,27819,32803,234,12202,0,46844,24280,81190,2623,105967,19703,28587,170825,29113,2835,87101,4196,38060,168870,65880,2875,18.485
2026-03-13 16:59:37.667000+00:00,0,0,0,15981,0,31512,27865,32839,233,12188,0,46841,24266,81199,2622,105983,19903,28604,170882,29135,2844,87077,4207,38054,168870,65884,2884,18.525
2026-03-13 16:59:37.707000+00:00,0,0,0,16012,0,31553,27916,32885,236,12184,0,46850,24267,81230,2625,105996,19974,28618,170912,29155,2849,87065,4211,38045,168863,65892,2888,18.565
2026-03-13 16:59:37.747000+00:00,0,0,0,16049,0,31604,27968,32926,243,12193,0,46871,24279,81255,2635,106014,19983,28622,170920,29174,2845,87064,4220,38026,168842,65895,2877,18.605
2026-03-13 16:59:37.787000+00:00,0,0,0,16070,0,31660,27996,32948,254,12210,0,46889,24303,81244,2648,106032,19993,28640,170924,29202,2833,87075,4225,38015,168836,65898,2861,18.645
2026-03-13 16:59:37.827000+00:00,0,0,0,16039,0,31702,27955,32942,266,12222,0,46884,24339,81186,2655,106037,20029,28709,170937,29245,2821,87103,4218,38034,168898,65920,2851,18.685
2026-03-13 16:59:37.867000+00:00,0,0,0,15928,0,31702,27812,32882,274,12221,0,46852,24383,81074,2652,106013,20097,28820,170924,29278,2814,87149,4206,38081,169035,65961,2855,18.725
2026-03-13 16:59:37.907000+00:00,0,0,0,15767,0,31624,27595,32762,271,12202,0,46814,24410,80934,2633,105943,20172,28899,170834,29259,2815,87198,4207,38113,169180,65989,2868,18.765
2026-03-13 16:59:37.947000+00:00,0,0,0,15637,0,31481,27399,32634,255,12184,0,46791,24402,80821,2603,105836,20215,28863,170687,29188,2818,87233,4218,38108,169261,65978,2879,18.805
2026-03-13 16:59:37.987000+00:00,0,0,0,15592,0,31345,27301,32553,242,12188,0,46778,24376,80778,2587,105737,20212,28726,170561,29105,2813,87253,4224,38089,169275,65943,2876,18.845
2026-03-13 16:59:38.027000+00:00,0,0,0,15616,0,31263,27307,32528,248,12204,0,46759,24356,80801,2598,105693,20176,28590,170490,29041,2803,87260,4220,38082,169252,65909,2864,18.885
2026-03-13 16:59:38.067000+00:00,0,0,0,15668,0,31233,27371,32548,263,12217,0,46737,24351,80855,2622,105720,20145,28522,170451,29002,2801,87258,4219,38079,169207,65879,2857,18.925
2026-03-13 16:59:38.107000+00:00,0,0,0,15726,0,31244,27441,32595,267,12230,0,46723,24344,80900,2631,105782,20140,28508,170428,28988,2808,87256,4226,38067,169149,65848,2858,18.965
2026-03-13 16:59:38.147000+00:00,0,0,0,15770,0,31283,27493,32651,254,12235,0,46722,24326,80916,2618,105823,20141,28520,170428,29004,2815,87249,4229,38044,169091,65827,2857,19.005
2026-03-13 16:59:38.187000+00:00,0,0,0,15799,0,31329,27528,32696,238,12233,0,46719,24307,80901,2599,105833,20128,28550,170453,29046,2817,87234,4228,38024,169049,65817,2853,19.045
2026-03-13 16:59:38.227000+00:00,0,0,0,15826,0,31361,27555,32724,228,12233,0,46704,24292,80876,2584,105834,20106,28582,170493,29082,2819,87216,4231,38015,169028,65804,2850,19.085
2026-03-13 16:59:38.267000+00:00,0,0,0,15842,0,31377,27581,32740,223,12224,0,46690,24281,80874,2576,105830,20091,28586,170541,29093,2820,87192,4238,38010,169033,65793,2847,19.125
2026-03-13 16:59:38.307000+00:00,0,0,0,15842,0,31389,27615,32750,221,12203,0,46700,24273,80915,2577,105822,20086,28558,170587,29088,2820,87167,4237,38000,169059,65799,2844,19.165
2026-03-13 16:59:38.347000+00:00,0,0,0,15853,0,31414,27654,32761,228,12190,0,46743,24264,80981,2591,105813,20084,28514,170617,29081,2822,87144,4229,37980,169074,65817,2847,19.205
2026-03-13 16:59:38.387000+00:00,0,0,0,15885,0,31452,27693,32776,243,12186,0,46801,24246,81029,2612,105796,20073,28475,170631,29077,2828,87115,4221,37954,169053,65820,2858,19.245
2026-03-13 16:59:38.427000+00:00,0,0,0,15923,0,31483,27733,32797,254,12169,0,46838,24225,81031,2626,105732,20045,28462,170656,29072,2840,87068,4216,37932,169006,65789,2873,19.285
2026-03-13 16:59:38.467000+00:00,0,0,0,15957,0,31503,27776,32826,256,12133,0,46830,24211,81010,2626,105613,20004,28476,170698,29067,2851,87012,4210,37917,168966,65743,2884,19.325
2026-03-13 16:59:38.507000+00:00,0,0,0,15981,0,31528,27820,32860,254,12103,0,46798,24207,81016,2625,105554,19975,28499,170745,29077,2851,86972,4200,37909,168956,65731,2882,19.365
2026-03-13 16:59:38.547000+00:00,0,0,0,15993,0,31558,27862,32890,249,12097,0,46777,24207,81060,2626,105659,19971,28519,170780,29106,2835,86964,4193,37913,168968,65765,2865,19.405
2026-03-13 16:59:38.587000+00:00,0,0,0,16006,0,31576,27905,32909,239,12106,0,46769,24209,81107,2622,105849,19981,28539,170793,29134,2818,86970,4195,37922,168962,65799,2846,19.445
2026-03-13 16:59:38.627000+00:00,0,0,0,16040,0,31588,27950,32915,236,12120,0,46763,24213,81121,2622,106034,19984,28562,170793,29146,2814,86972,4201,37923,168924,65805,2838,19.485
2026-03-13 16:59:38.667000+00:00,0,0,0,16107,0,31608,27974,32923,244,12137,0,46766,24222,81112,2629,106229,19975,28591,170810,29155,2820,86982,4200,37922,168897,65804,2844,19.525
2026-03-13 16:59:38.707000+00:00,0,0,0,16195,0,31622,27942,32932,246,12153,0,46770,24243,81088,2625,106433,19971,28649,170866,29179,2831,87017,4191,37937,168945,65815,2859,19.565
2026-03-13 16:59:38.747000+00:00,0,0,0,16227,0,31594,27821,32909,236,12174,0,46758,24284,81023,2602,106516,20005,28739,170910,29208,2842,87081,4192,37979,169083,65841,2878,19.605
2026-03-13 16:59:38.787000+00:00,0,0,0,16098,0,31515,27628,32814,228,12201,0,46732,24335,80895,2577,106367,20071,28818,170867,29208,2849,87156,4212,38025,169257,65867,2893,19.645
2026-03-13 16:59:38.827000+00:00,0,0,0,15834,0,31414,27439,32679,232,12222,0,46707,24362,80740,2569,106117,20127,28838,170741,29163,2847,87210,4236,38039,169384,65864,2896,19.685
2026-03-13 16:59:38.867000+00:00,0,0,0,15629,0,31338,27325,32573,244,12230,0,46691,24348,80626,2575,105932,20145,28766,170602,29091,2833,87229,4247,38010,169416,65816,2886,19.725
2026-03-13 16:59:38.907000+00:00,0,0,0,15576,0,31296,27302,32528,256,12219,0,46669,24310,80560,2580,105794,20125,28626,170504,29023,2823,87212,4243,37957,169359,65732,2873,19.765
2026-03-13 16:59:38.947000+00:00,0,0,0,15592,0,31273,27339,32528,259,12187,0,46626,24271,80517,2579,105639,20081,28504,170460,28974,2825,87161,4232,37905,169261,65636,2870,19.805
2026-03-13 16:59:38.987000+00:00,0,0,0,15612,0,31263,27398,32555,259,12148,0,46582,24246,80497,2578,105462,20038,28455,170459,28958,2834,87096,4222,37871,169183,65572,2870,19.845
2026-03-13 16:59:39.027000+00:00,0,0,0,15648,0,31272,27463,32601,256,12114,0,46560,24246,80525,2578,105202,20016,28472,170483,28980,2842,87032,4216,37865,169158,65568,2872,19.885
2026-03-13 16:59:39.067000+00:00,0,0,0,15698,0,31295,27523,32655,244,12094,0,46561,24264,80597,2569,104822,20021,28520,170526,29020,2848,86956,4209,37881,169175,65601,2875,19.925
2026-03-13 16:59:39.107000+00:00,0,0,0,15749,0,31323,27563,32698,228,12102,0,46574,24275,80672,2558,104660,20036,28554,170565,29047,2848,86887,4205,37894,169197,65630,2872,19.965
2026-03-13 16:59:39.147000+00:00,0,0,0,15793,0,31350,27584,32714,221,12136,0,46596,24268,80722,2558,104993,20047,28553,170573,29049,2840,86885,4202,37894,169195,65642,2862,20.005
2026-03-13 16:59:39.187000+00:00,0,0,0,15823,0,31374,27601,32712,227,12167,0,46619,24247,80750,2571,105513,20045,28531,170566,29038,2830,86949,4196,37887,169171,65642,2850,20.045
2026-03-13 16:59:39.227000+00:00,0,0,0,15863,0,31399,27632,32711,236,12184,0,46635,24226,80765,2584,105919,20027,28507,170571,29023,2822,87014,4187,37872,169138,65627,2838,20.085
2026-03-13 16:59:39.267000+00:00,0,0,0,15927,0,31434,27683,32721,241,12191,0,46652,24215,80771,2589,106165,19998,28482,170583,29011,2814,87040,4181,37845,169093,65601,2826,20.125
2026-03-13 16:59:39.307000+00:00,0,0,0,15990,0,31477,27742,32742,245,12177,0,46673,24209,80775,2594,106225,19979,28464,170591,29012,2803,87032,4182,37816,169047,65584,2814,20.165
2026-03-13 16:59:39.347000+00:00,0,0,0,16020,0,31513,27796,32770,247,12147,0,46684,24204,80783,2599,106154,19979,28468,170618,29030,2791,87009,4189,37800,169023,65590,2804,20.205
2026-03-13 16:59:39.387000+00:00,0,0,0,16015,0,31533,27841,32801,245,12119,0,46674,24198,80799,2599,106043,19988,28490,170671,29054,2788,86978,4197,37803,169014,65604,2803,20.245
2026-03-13 16:59:39.427000+00:00,0,0,0,16011,0,31545,27877,32833,248,12109,0,46658,24189,80827,2605,105960,19985,28512,170727,29076,2796,86944,4194,37810,169002,65610,2810,20.285
2026-03-13 16:59:39.467000+00:00,0,0,0,16038,0,31565,27906,32866,261,12128,0,46652,24185,80862,2621,105950,19975,28531,170777,29096,2804,86928,4187,37813,169005,65616,2816,20.325
2026-03-13 16:59:39.507000+00:00,0,0,0,16071,0,31589,27919,32892,271,12160,0,46655,24192,80880,2632,105992,19975,28560,170825,29118,2810,86937,4187,37811,169046,65627,2821,20.365
2026-03-13 16:59:39.547000+00:00,0,0,0,16057,0,31604,27885,32897,267,12182,0,46658,24217,80845,2621,106028,19992,28617,170872,29145,2817,86966,4195,37820,169131,65642,2831,20.405
2026-03-13 16:59:39.587000+00:00,0,0,0,15965,0,31585,27771,32855,250,12185,0,46658,24262,80759,2594,106028,20020,28699,170889,29166,2824,87012,4202,37856,169259,65673,2847,20.445
2026-03-13 16:59:39.627000+00:00,0,0,0,15817,0,31517,27590,32757,234,12170,0,46660,24308,80660,2567,105987,20054,28767,170825,29154,2823,87068,4207,37903,169409,65720,2859,20.485
2026-03-13 16:59:39.667000+00:00,0,0,0,15687,0,31426,27416,32643,228,12154,0,46673,24328,80598,2557,105913,20090,28775,170680,29106,2819,87118,4214,37926,169516,65754,2860,20.525
2026-03-13 16:59:39.707000+00:00,0,0,0,15624,0,31357,27327,32565,235,12145,0,46693,24319,80593,2564,105791,20113,28703,170522,29040,2816,87138,4220,37919,169534,65745,2856,20.565
2026-03-13 16:59:39.747000+00:00,0,0,0,15610,0,31321,27335,32537,246,12137,0,46701,24297,80623,2580,105558,20107,28586,170420,28983,2819,87117,4220,37904,169464,65694,2856,20.605
2026-03-13 16:59:39.787000+00:00,0,0,0,15628,0,31312,27403,32553,249,12136,0,46684,24281,80650,2586,105168,20081,28500,170385,28952,2824,87074,4216,37890,169353,65633,2859,20.645
2026-03-13 16:59:39.827000+00:00,0,0,0,15689,0,31326,27486,32606,239,12158,0,46653,24277,80673,2577,104820,20060,28480,170407,28956,2825,87054,4213,37875,169276,65595,2860,20.685
2026-03-13 16:59:39.867000+00:00,0,0,0,15781,0,31355,27552,32682,225,12191,0,46630,24280,80709,2563,104863,20057,28506,170471,28991,2826,87074,4213,37869,169280,65601,2859,20.725
2026-03-13 16:59:39.907000+00:00,0,0,0,15854,0,31389,27589,32748,218,12208,0,46620,24278,80745,2554,105272,20065,28545,170534,29040,2832,87105,4214,37874,169320,65631,2863,20.765
2026-03-13 16:59:39.947000+00:00,0,0,0,15869,0,31421,27600,32773,221,12190,0,46620,24262,80744,2555,105646,20063,28563,170558,29072,2839,87103,4215,37870,169320,65641,2866,20.805
2026-03-13 16:59:39.987000+00:00,0,0,0,15846,0,31448,27603,32759,232,12148,0,46626,24233,80704,2566,105779,20043,28542,170547,29075,2839,87058,4213,37843,169264,65618,2862,20.845
2026-03-13 16:59:40.027000+00:00,0,0,0,15834,0,31468,27618,32734,250,12114,0,46631,24202,80664,2585,105767,20016,28498,170529,29058,2834,86997,4206,37807,169191,65581,2855,20.885
2026-03-13 16:59:40.067000+00:00,0,0,0,15852,0,31475,27657,32726,267,12099,0,46625,24185,80663,2607,105731,19992,28471,170526,29037,2829,86947,4193,37785,169144,65561,2848,20.925
2026-03-13 16:59:40.107000+00:00,0,0,0,15886,0,31472,27719,32743,275,12092,0,46608,24186,80698,2622,105726,19970,28471,170550,29020,2822,86914,4179,37779,169131,65558,2838,20.965
2026-03-13 16:59:40.147000+00:00,0,0,0,15921,0,31475,27787,32773,273,12086,0,46590,24192,80735,2623,105757,19951,28479,170593,29008,2817,86890,4170,37775,169129,65558,2832,21.005
2026-03-13 16:59:40.187000+00:00,0,0,0,15949,0,31485,27844,32804,259,12080,0,46574,24193,80755,2609,105795,19946,28492,170644,29005,2820,86867,4174,37769,169126,65551,2836,21.045
2026-03-13 16:59:40.227000+00:00,0,0,0,15967,0,31501,27886,32833,240,12073,0,46550,24191,80738,2586,105823,19953,28525,170694,29013,2825,86839,4184,37764,169113,65525,2840,21.085
2026-03-13 16:59:40.267000+00:00,0,0,0,15969,0,31525,27888,32854,230,12076,0,46521,24194,80664,2568,105860,19965,28577,170731,29044,2825,86815,4194,37753,169105,65485,2837,21.125
2026-03-13 16:59:40.307000+00:00,0,0,0,15943,0,31540,27809,32842,232,12103,0,46502,24208,80542,2558,105905,19993,28634,170740,29093,2823,86814,4207,37747,169152,65475,2834,21.165
2026-03-13 16:59:40.347000+00:00,0,0,0,15871,0,31514,27640,32771,233,12144,0,46496,24235,80401,2545,105921,20039,28671,170699,29120,2825,86861,4221,37763,169271,65502,2839,21.205
2026-03-13 16:59:40.387000+00:00,0,0,0,15763,0,31435,27450,32655,226,12159,0,46482,24262,80271,2523,105871,20079,28662,170595,29086,2833,86940,4226,37786,169383,65514,2850,21.245
2026-03-13 16:59:40.427000+00:00,0,0,0,15675,0,31340,27323,32546,223,12148,0,46454,24267,80168,2507,105784,20092,28609,170465,29008,2840,87001,4224,37788,169409,65470,2856,21.285
2026-03-13 16:59:40.467000+00:00,0,0,0,15654,0,31279,27289,32488,229,12140,0,46427,24247,80105,2507,105717,20076,28534,170362,28931,2840,87025,4219,37765,169363,65392,2852,21.325
2026-03-13 16:59:40.507000+00:00,0,0,0,15694,0,31264,27320,32486,236,12151,0,46413,24215,80093,2519,105710,20041,28464,170310,28884,2830,87033,4213,37729,169299,65326,2841,21.365
2026-03-13 16:59:40.547000+00:00,0,0,0,15761,0,31273,27384,32519,238,12171,0,46401,24193,80113,2527,105754,20011,28426,170305,28877,2819,87034,4204,37698,169248,65290,2827,21.405
2026-03-13 16:59:40.587000+00:00,0,0,0,15809,0,31298,27454,32568,233,12172,0,46385,24186,80132,2523,105794,20000,28435,170329,28906,2818,87016,4199,37677,169210,65271,2820,21.445
2026-03-13 16:59:40.627000+00:00,0,0,0,15813,0,31345,27506,32623,226,12142,0,46375,24183,80124,2511,105793,20000,28473,170364,28951,2825,86972,4197,37659,169168,65245,2822,21.485
2026-03-13 16:59:40.667000+00:00,0,0,0,15796,0,31399,27532,32665,222,12101,0,46372,24172,80087,2501,105763,19994,28499,170394,28990,2829,86918,4198,37633,169126,65213,2826,21.525
2026-03-13 16:59:40.707000+00:00,0,0,0,15794,0,31433,27555,32685,224,12078,0,46369,24161,80060,2503,105739,19987,28497,170417,29011,2830,86880,4196,37610,169104,65201,2828,21.565
2026-03-13 16:59:40.747000+00:00,0,0,0,15820,0,31442,27596,32696,231,12075,0,46364,24161,80081,2515,105743,19999,28481,170430,29010,2831,86869,4197,37602,169104,65217,2826,21.605
2026-03-13 16:59:40.787000+00:00,0,0,0,15856,0,31444,27651,32714,237,12076,0,46359,24162,80133,2525,105763,20029,28467,170438,28994,2833,86868,4199,37599,169099,65225,2821,21.645
2026-03-13 16:59:40.827000+00:00,0,0,0,15879,0,31447,27704,32733,234,12063,0,46339,24149,80157,2524,105774,20040,28460,170453,28972,2835,86849,4192,37582,169062,65194,2818,21.685
2026-03-13 16:59:40.867000+00:00,0,0,0,15894,0,31451,27752,32752,228,12042,0,46295,24125,80131,2513,105777,19995,28472,170495,28957,2838,86804,4170,37556,168995,65126,2818,21.725
2026-03-13 16:59:40.907000+00:00,0,0,0,15919,0,31473,27800,32778,228,12029,0,46249,24104,80100,2510,105790,19923,28495,170565,28963,2843,86756,4150,37536,168937,65077,2823,21.765
2026-03-13 16:59:40.947000+00:00,0,0,0,15951,0,31518,27843,32815,239,12032,0,46229,24102,80113,2521,105819,19896,28514,170632,29002,2845,86736,4151,37530,168928,65096,2827,21.805
2026-03-13 16:59:40.987000+00:00,0,0,0,15970,0,31556,27851,32850,244,12049,0,46231,24118,80135,2527,105862,19925,28542,170673,29054,2845,86756,4163,37542,168979,65153,2829,21.845
2026-03-13 16:59:41.027000+00:00,0,0,0,15954,0,31546,27778,32840,232,12082,0,46231,24141,80066,2507,105912,19976,28596,170681,29086,2845,86809,4174,37565,169074,65177,2832,21.885
2026-03-13 16:59:41.067000+00:00,0,0,0,15885,0,31474,27612,32749,217,12119,0,46200,24170,79863,2475,105943,20020,28643,170632,29075,2842,86871,4186,37581,169177,65143,2834,21.925
2026-03-13 16:59:41.107000+00:00,0,0,0,15775,0,31368,27414,32601,215,12133,0,46150,24187,79612,2454,105906,20049,28628,170512,29021,2835,86914,4197,37573,169250,65073,2832,21.965
2026-03-13 16:59:41.147000+00:00,0,0,0,15671,0,31271,27272,32475,219,12114,0,46107,24182,79439,2448,105800,20059,28547,170362,28946,2828,86919,4202,37541,169266,64992,2824,22.005
2026-03-13 16:59:41.187000+00:00,0,0,0,15607,0,31211,27227,32417,222,12074,0,46082,24159,79386,2446,105671,20054,28444,170242,28877,2825,86883,4199,37497,169224,64920,2813,22.045
2026-03-13 16:59:41.227000+00:00,0,0,0,15583,0,31193,27246,32417,220,12027,0,46076,24123,79409,2444,105559,20033,28350,170179,28833,2824,86821,4191,37446,169154,64872,2804,22.085
2026-03-13 16:59:41.267000+00:00,0,0,0,15597,0,31206,27289,32451,217,11994,0,46073,24078,79447,2442,105492,19992,28293,170166,28817,2825,86768,4180,37401,169082,64834,2802,22.125
2026-03-13 16:59:41.307000+00:00,0,0,0,15655,0,31242,27344,32506,215,12003,0,46062,24049,79469,2439,105508,19951,28303,170190,28828,2823,86753,4173,37380,169023,64800,2800,22.165
2026-03-13 16:59:41.347000+00:00,0,0,0,15736,0,31290,27405,32567,216,12042,0,46043,24046,79476,2436,105590,19939,28370,170241,28865,2819,86768,4176,37386,168996,64782,2795,22.205
2026-03-13 16:59:41.387000+00:00,0,0,0,15787,0,31328,27460,32613,220,12065,0,46020,24060,79471,2435,105655,19952,28444,170291,28906,2818,86768,4180,37398,168984,64778,2791,22.245
2026-03-13 16:59:41.427000+00:00,0,0,0,15781,0,31347,27503,32630,229,12040,0,46001,24072,79454,2443,105652,19961,28477,170312,28928,2822,86729,4177,37397,168958,64771,2792,22.285
2026-03-13 16:59:41.467000+00:00,0,0,0,15746,0,31356,27536,32631,243,11985,0,45997,24070,79439,2460,105611,19951,28466,170304,28933,2826,86664,4170,37381,168904,64760,2794,22.325
2026-03-13 16:59:41.507000+00:00,0,0,0,15736,0,31369,27565,32637,252,11948,0,46008,24048,79443,2475,105585,19928,28432,170291,28934,2824,86605,4167,37356,168835,64749,2793,22.365
2026-03-13 16:59:41.547000+00:00,0,0,0,15771,0,31388,27604,32662,249,11947,0,46021,24018,79477,2478,105595,19914,28405,170303,28932,2826,86569,4170,37329,168774,64737,2792,22.405
2026-03-13 16:59:41.587000+00:00,0,0,0,15829,0,31407,27657,32702,239,11968,0,46023,23998,79527,2472,105631,19913,28406,170348,28931,2835,86547,4175,37309,168729,64721,2798,22.445
2026-03-13 16:59:41.627000+00:00,0,0,0,15897,0,31431,27722,32748,236,11999,0,46016,23995,79571,2471,105681,19910,28432,170412,28940,2843,86532,4175,37304,168691,64709,2801,22.485
2026-03-13 16:59:41.667000+00:00,0,0,0,15964,0,31463,27793,32792,245,12027,0,46012,24006,79599,2485,105733,19897,28468,170468,28963,2839,86520,4171,37305,168650,64706,2795,22.525
2026-03-13 16:59:41.707000+00:00,0,0,0,16019,0,31507,27856,32838,260,12043,0,46021,24015,79622,2502,105782,19876,28498,170509,28993,2829,86509,4164,37301,168609,64705,2785,22.565
2026-03-13 16:59:41.747000+00:00,0,0,0,16053,0,31555,27899,32887,262,12040,0,46037,24007,79652,2504,105821,19855,28520,170548,29020,2822,86496,4157,37291,168582,64701,2778,22.605
2026-03-13 16:59:41.787000+00:00,0,0,0,16066,0,31592,27924,32929,249,12024,0,46046,23990,79678,2488,105843,19841,28543,170596,29043,2822,86476,4148,37285,168571,64693,2774,22.645
2026-03-13 16:59:41.827000+00:00,0,0,0,16065,0,31616,27936,32950,235,12007,0,46046,23980,79672,2469,105856,19832,28569,170640,29063,2828,86451,4138,37284,168564,64683,2776,22.685
2026-03-13 16:59:41.867000+00:00,0,0,0,16032,0,31627,27902,32936,230,11994,0,46034,23984,79598,2453,105867,19843,28588,170659,29080,2839,86429,4136,37276,168573,64664,2785,22.725
2026-03-13 16:59:41.908000+00:00,0,0,0,15937,0,31618,27773,32870,229,11985,0,46004,24002,79433,2437,105868,19889,28595,170636,29078,2847,86419,4149,37262,168639,64630,2798,22.766
2026-03-13 16:59:41.948000+00:00,0,0,0,15806,0,31570,27558,32741,226,11995,0,45949,24028,79204,2416,105844,19962,28590,170552,29036,2848,86432,4170,37254,168756,64579,2809,22.806
2026-03-13 16:59:41.988000+00:00,0,0,0,15698,0,31465,27345,32588,219,12021,0,45876,24046,78983,2393,105778,20027,28557,170410,28953,2845,86476,4186,37248,168850,64510,2813,22.846
2026-03-13 16:59:42.028000+00:00,0,0,0,15643,0,31325,27222,32469,213,12039,0,45806,24047,78833,2380,105687,20062,28486,170254,28854,2836,86535,4190,37230,168863,64424,2803,22.886
2026-03-13 16:59:42.068000+00:00,0,0,0,15644,0,31211,27200,32406,218,12050,0,45758,24036,78765,2381,105626,20065,28399,170131,28771,2821,86577,4186,37200,168807,64339,2783,22.926
2026-03-13 16:59:42.108000+00:00,0,0,0,15678,0,31157,27236,32386,229,12059,0,45731,24016,78747,2392,105605,20041,28320,170054,28720,2808,86582,4187,37163,168718,64275,2767,22.966
2026-03-13 16:59:42.148000+00:00,0,0,0,15703,0,31144,27287,32394,234,12046,0,45711,23990,78746,2398,105585,20003,28272,170017,28705,2811,86549,4189,37126,168621,64237,2768,23.006
2026-03-13 16:59:42.188000+00:00,0,0,0,15697,0,31154,27337,32430,227,12003,0,45688,23966,78752,2391,105542,19963,28267,170022,28725,2826,86494,4184,37102,168546,64224,2778,23.046
2026-03-13 16:59:42.228000+00:00,0,0,0,15669,0,31190,27379,32485,218,11944,0,45678,23951,78768,2379,105479,19931,28294,170053,28773,2838,86433,4172,37092,168505,64235,2785,23.086
2026-03-13 16:59:42.268000+00:00,0,0,0,15645,0,31245,27410,32535,218,11896,0,45689,23944,78787,2378,105408,19913,28320,170077,28822,2841,86377,4162,37085,168479,64251,2785,23.126
2026-03-13 16:59:42.308000+00:00,0,0,0,15653,0,31295,27434,32564,226,11883,0,45711,23936,78797,2389,105359,19903,28315,170081,28843,2836,86342,4155,37069,168443,64246,2778,23.166
2026-03-13 16:59:42.348000+00:00,0,0,0,15699,0,31320,27455,32576,230,11904,0,45723,23919,78803,2397,105368,19891,28286,170080,28831,2827,86331,4150,37044,168391,64219,2767,23.206
2026-03-13 16:59:42.388000+00:00,0,0,0,15757,0,31321,27481,32585,222,11931,0,45716,23895,78814,2392,105426,19878,28255,170087,28800,2823,86323,4151,37019,168330,64178,2757,23.246
2026-03-13 16:59:42.428000+00:00,0,0,0,15794,0,31322,27519,32599,214,11936,0,45705,23872,78834,2384,105473,19867,28233,170100,28767,2827,86297,4156,36997,168268,64137,2752,23.286
2026-03-13 16:59:42.468000+00:00,0,0,0,15815,0,31331,27559,32616,215,11927,0,45698,23848,78857,2385,105479,19856,28218,170118,28748,2830,86260,4158,36975,168208,64109,2751,23.326
2026-03-13 16:59:42.508000+00:00,0,0,0,15848,0,31338,27597,32634,220,11931,0,45687,23829,78875,2391,105478,19846,28213,170142,28744,2826,86234,4153,36957,168157,64091,2746,23.366
2026-03-13 16:59:42.548000+00:00,0,0,0,15897,0,31338,27636,32650,219,11951,0,45669,23818,78890,2394,105509,19841,28220,170177,28747,2822,86221,4149,36948,168125,64079,2739,23.406
2026-03-13 16:59:42.588000+00:00,0,0,0,15929,0,31338,27678,32663,213,11954,0,45651,23815,78904,2394,105558,19839,28236,170216,28753,2822,86198,4147,36947,168106,64075,2736,23.446
2026-03-13 16:59:42.628000+00:00,0,0,0,15926,0,31346,27717,32675,211,11926,0,45641,23815,78916,2397,105575,19838,28251,170238,28764,2827,86152,4142,36948,168073,64076,2739,23.486
2026-03-13 16:59:42.668000+00:00,0,0,0,15916,0,31367,27754,32689,217,11892,0,45650,23819,78931,2404,105554,19840,28256,170239,28774,2832,86102,4140,36941,168022,64071,2745,23.526
2026-03-13 16:59:42.708000+00:00,0,0,0,15934,0,31395,27790,32708,226,11884,0,45669,23824,78954,2414,105536,19844,28253,170240,28777,2831,86075,4144,36927,167975,64059,2748,23.566
2026-03-13 16:59:42.748000+00:00,0,0,0,15981,0,31418,27820,32728,229,11903,0,45679,23819,78976,2419,105565,19847,28255,170264,28780,2825,86073,4149,36914,167951,64053,2749,23.606
2026-03-13 16:59:42.788000+00:00,0,0,0,16026,0,31435,27834,32749,225,11929,0,45674,23808,78977,2415,105639,19844,28266,170322,28800,2821,86081,4151,36904,167964,64056,2748,23.646
2026-03-13 16:59:42.828000+00:00,0,0,0,16031,0,31460,27806,32765,226,11951,0,45663,23808,78925,2410,105713,19840,28286,170397,28849,2817,86102,4154,36902,168029,64068,2745,23.686
2026-03-13 16:59:42.868000+00:00,0,0,0,15977,0,31485,27705,32747,240,11975,0,45645,23844,78793,2411,105760,19852,28321,170437,28911,2808,86154,4165,36925,168146,64085,2740,23.726
2026-03-13 16:59:42.908000+00:00,0,0,0,15868,0,31478,27532,32670,257,11993,0,45611,23902,78605,2409,105770,19896,28368,170391,28934,2800,86229,4184,36964,168282,64092,2739,23.766
2026-03-13 16:59:42.948000+00:00,0,0,0,15741,0,31406,27342,32557,257,11991,0,45573,23935,78435,2393,105731,19958,28388,170274,28888,2808,86291,4196,36984,168384,64071,2753,23.806
2026-03-13 16:59:42.988000+00:00,0,0,0,15648,0,31285,27209,32465,241,11970,0,45549,23923,78349,2367,105650,20000,28345,170154,28808,2826,86314,4197,36973,168421,64028,2773,23.846
2026-03-13 16:59:43.028000+00:00,0,0,0,15619,0,31187,27173,32429,225,11954,0,45544,23889,78353,2351,105574,20006,28268,170077,28743,2836,86304,4187,36951,168400,63986,2780,23.886
2026-03-13 16:59:43.068000+00:00,0,0,0,15640,0,31153,27210,32440,218,11949,0,45546,23857,78395,2348,105542,19985,28205,170047,28712,2830,86275,4170,36925,168339,63952,2769,23.926
2026-03-13 16:59:43.108000+00:00,0,0,0,15657,0,31161,27275,32470,216,11929,0,45543,23836,78428,2350,105532,19950,28172,170049,28705,2816,86234,4151,36897,168272,63919,2754,23.966
2026-03-13 16:59:43.148000+00:00,0,0,0,15656,0,31182,27332,32504,212,11900,0,45538,23832,78446,2349,105521,19915,28173,170072,28715,2805,86202,4136,36879,168238,63894,2742,24.006
2026-03-13 16:59:43.188000+00:00,0,0,0,15677,0,31208,27373,32541,207,11902,0,45540,23842,78463,2348,105528,19897,28201,170102,28739,2804,86207,4130,36879,168242,63894,2738,24.046
2026-03-13 16:59:43.228000+00:00,0,0,0,15726,0,31238,27405,32568,208,11935,0,45551,23859,78480,2351,105560,19907,28232,170120,28765,2810,86234,4137,36883,168246,63912,2737,24.086
2026-03-13 16:59:43.268000+00:00,0,0,0,15770,0,31263,27436,32574,222,11960,0,45568,23869,78493,2367,105592,19932,28240,170120,28774,2807,86244,4153,36882,168222,63924,2731,24.126
2026-03-13 16:59:43.308000+00:00,0,0,0,15793,0,31281,27466,32572,241,11960,0,45588,23862,78518,2389,105604,19949,28224,170121,28764,2796,86228,4167,36875,168183,63924,2719,24.166
2026-03-13 16:59:43.348000+00:00,0,0,0,15795,0,31292,27497,32585,248,11936,0,45601,23840,78568,2399,105590,19945,28213,170149,28749,2796,86189,4172,36875,168154,63919,2716,24.206
2026-03-13 16:59:43.388000+00:00,0,0,0,15788,0,31296,27534,32615,240,11899,0,45598,23818,78630,2392,105564,19922,28219,170202,28738,2812,86144,4167,36881,168137,63914,2728,24.246
2026-03-13 16:59:43.428000+00:00,0,0,0,15802,0,31300,27576,32647,231,11879,0,45587,23805,78680,2382,105559,19895,28223,170250,28734,2827,86116,4161,36880,168120,63910,2741,24.286
2026-03-13 16:59:43.468000+00:00,0,0,0,15843,0,31304,27616,32669,227,11887,0,45575,23800,78707,2379,105581,19875,28215,170273,28731,2837,86113,4161,36870,168095,63905,2748,24.326
2026-03-13 16:59:43.508000+00:00,0,0,0,15898,0,31308,27654,32680,227,11912,0,45564,23803,78720,2382,105617,19869,28208,170280,28728,2846,86128,4160,36863,168070,63899,2754,24.366
2026-03-13 16:59:43.548000+00:00,0,0,0,15953,0,31318,27694,32684,226,11943,0,45561,23810,78730,2387,105672,19870,28211,170295,28723,2855,86151,4153,36862,168051,63894,2758,24.406
2026-03-13 16:59:43.588000+00:00,0,0,0,15986,0,31338,27727,32684,225,11960,0,45573,23813,78744,2390,105727,19872,28215,170323,28724,2857,86157,4146,36863,168039,63898,2759,24.446
2026-03-13 16:59:43.628000+00:00,0,0,0,15983,0,31366,27746,32688,224,11952,0,45593,23815,78749,2392,105753,19866,28218,170347,28741,2853,86141,4142,36859,168032,63912,2758,24.486
2026-03-13 16:59:43.668000+00:00,0,0,0,15949,0,31393,27731,32697,227,11936,0,45595,23828,78709,2391,105755,19863,28248,170372,28787,2845,86129,4138,36862,168059,63931,2755,24.526
2026-03-13 16:59:43.708000+00:00,0,0,0,15882,0,31402,27643,32689,232,11928,0,45570,23855,78593,2384,105746,19884,28323,170402,28849,2837,86153,4143,36883,168163,63956,2754,24.566
2026-03-13 16:59:43.748000+00:00,0,0,0,15782,0,31375,27476,32628,237,11934,0,45533,23885,78418,2372,105721,19937,28391,170395,28883,2834,86222,4160,36912,168331,63975,2759,24.606
2026-03-13 16:59:43.788000+00:00,0,0,0,15686,0,31297,27302,32520,240,11951,0,45498,23911,78252,2360,105679,19990,28389,170325,28853,2831,86307,4180,36929,168486,63964,2766,24.646
2026-03-13 16:59:43.828000+00:00,0,0,0,15625,0,31195,27209,32427,240,11961,0,45464,23928,78166,2354,105618,20011,28326,170219,28781,2822,86359,4187,36927,168551,63919,2761,24.686
2026-03-13 16:59:43.868000+00:00,0,0,0,15603,0,31118,27216,32397,238,11948,0,45452,23931,78171,2355,105544,19997,28251,170126,28721,2812,86353,4176,36912,168516,63872,2747,24.726
2026-03-13 16:59:43.908000+00:00,0,0,0,15613,0,31091,27282,32428,237,11920,0,45469,23920,78230,2363,105471,19971,28200,170080,28703,2814,86312,4164,36890,168429,63846,2740,24.766
2026-03-13 16:59:43.948000+00:00,0,0,0,15646,0,31112,27354,32480,237,11901,0,45494,23896,78295,2371,105425,19944,28175,170087,28709,2824,86272,4161,36868,168348,63836,2745,24.806
2026-03-13 16:59:43.988000+00:00,0,0,0,15680,0,31155,27398,32518,233,11899,0,45499,23874,78337,2371,105430,19920,28160,170131,28711,2833,86255,4161,36851,168309,63828,2754,24.846
2026-03-13 16:59:44.028000+00:00,0,0,0,15690,0,31186,27417,32531,231,11897,0,45491,23868,78359,2368,105473,19905,28154,170185,28705,2835,86255,4159,36848,168318,63826,2752,24.886
2026-03-13 16:59:44.068000+00:00,0,0,0,15670,0,31202,27433,32532,235,11875,0,45493,23878,78378,2372,105493,19901,28158,170221,28702,2827,86245,4158,36854,168349,63833,2741,24.926
2026-03-13 16:59:44.108000+00:00,0,0,0,15648,0,31212,27452,32534,242,11844,0,45506,23883,78402,2381,105465,19896,28161,170228,28698,2814,86221,4156,36856,168362,63840,2729,24.966
2026-03-13 16:59:44.148000+00:00,0,0,0,15675,0,31222,27482,32549,245,11846,0,45509,23873,78428,2390,105443,19883,28158,170225,28698,2798,86206,4155,36850,168341,63843,2717,25.006
2026-03-13 16:59:44.188000+00:00,0,0,0,15753,0,31246,27536,32583,244,11885,0,45508,23861,78461,2396,105477,19869,28159,170237,28713,2791,86214,4158,36845,168300,63846,2710,25.046
2026-03-13 16:59:44.228000+00:00,0,0,0,15833,0,31296,27613,32636,241,11920,0,45518,23856,78506,2398,105554,19864,28176,170284,28740,2803,86222,4164,36841,168267,63851,2717,25.086
2026-03-13 16:59:44.268000+00:00,0,0,0,15880,0,31357,27683,32691,234,11924,0,45543,23850,78555,2394,105624,19864,28193,170358,28764,2824,86213,4170,36829,168253,63858,2729,25.126
2026-03-13 16:59:44.308000+00:00,0,0,0,15904,0,31412,27731,32725,233,11914,0,45575,23838,78590,2395,105672,19860,28194,170422,28780,2836,86198,4168,36811,168243,63865,2737,25.166
2026-03-13 16:59:44.348000+00:00,0,0,0,15928,0,31451,27760,32737,243,11909,0,45601,23824,78609,2409,105708,19842,28182,170455,28793,2837,86187,4161,36800,168221,63875,2741,25.206
2026-03-13 16:59:44.388000+00:00,0,0,0,15938,0,31471,27778,32739,256,11898,0,45611,23810,78621,2426,105723,19813,28171,170471,28806,2834,86175,4151,36798,168199,63889,2743,25.246
2026-03-13 16:59:44.428000+00:00,0,0,0,15928,0,31483,27797,32747,256,11867,0,45611,23799,78643,2430,105708,19783,28174,170496,28816,2830,86153,4140,36800,168195,63908,2741,25.286
2026-03-13 16:59:44.468000+00:00,0,0,0,15920,0,31508,27830,32766,247,11841,0,45620,23806,78676,2423,105693,19765,28192,170539,28830,2828,86137,4133,36801,168208,63928,2738,25.326
2026-03-13 16:59:44.508000+00:00,0,0,0,15936,0,31550,27862,32791,244,11847,0,45636,23828,78686,2421,105721,19768,28228,170594,28862,2819,86146,4139,36801,168238,63945,2727,25.366
2026-03-13 16:59:44.548000+00:00,0,0,0,15947,0,31573,27835,32798,249,11882,0,45624,23854,78610,2419,105782,19798,28284,170638,28910,2805,86188,4153,36807,168298,63949,2713,25.406
2026-03-13 16:59:44.588000+00:00,0,0,0,15904,0,31538,27701,32746,248,11922,0,45560,23880,78420,2402,105834,19850,28350,170637,28944,2798,86260,4165,36822,168405,63933,2711,25.446
2026-03-13 16:59:44.628000+00:00,0,0,0,15807,0,31436,27483,32621,240,11952,0,45472,23900,78175,2374,105839,19898,28384,170568,28923,2803,86350,4168,36846,168543,63895,2729,25.486
2026-03-13 16:59:44.668000+00:00,0,0,0,15710,0,31302,27279,32472,238,11974,0,45402,23909,77991,2357,105795,19919,28354,170443,28848,2812,86428,4166,36868,168650,63847,2750,25.526
2026-03-13 16:59:44.708000+00:00,0,0,0,15654,0,31187,27179,32372,239,11981,0,45369,23912,77933,2353,105731,19922,28278,170316,28758,2821,86465,4169,36878,168684,63802,2759,25.566
2026-03-13 16:59:44.748000+00:00,0,0,0,15620,0,31123,27185,32345,237,11953,0,45364,23910,77972,2352,105649,19909,28200,170237,28692,2837,86453,4173,36873,168657,63772,2763,25.606
2026-03-13 16:59:44.788000+00:00,0,0,0,15597,0,31107,27247,32366,233,11902,0,45368,23902,78036,2354,105569,19882,28147,170210,28661,2853,86415,4172,36856,168606,63758,2771,25.646
2026-03-13 16:59:44.828000+00:00,0,0,0,15609,0,31113,27315,32398,232,11879,0,45367,23892,78083,2358,105540,19854,28123,170213,28648,2859,86390,4170,36835,168560,63749,2776,25.686
2026-03-13 16:59:44.868000+00:00,0,0,0,15647,0,31120,27359,32421,233,11891,0,45359,23883,78108,2362,105560,19839,28120,170228,28641,2856,86390,4171,36821,168539,63738,2773,25.726
2026-03-13 16:59:44.908000+00:00,0,0,0,15671,0,31129,27380,32438,236,11901,0,45355,23881,78128,2366,105586,19833,28140,170250,28645,2847,86396,4173,36827,168540,63737,2762,25.766
2026-03-13 16:59:44.948000+00:00,0,0,0,15690,0,31149,27399,32449,244,11907,0,45365,23888,78147,2373,105608,19829,28175,170269,28662,2838,86404,4176,36849,168545,63753,2752,25.806
2026-03-13 16:59:44.988000+00:00,0,0,0,15735,0,31171,27425,32450,250,11934,0,45385,23892,78165,2380,105638,19824,28197,170279,28677,2837,86421,4180,36870,168536,63776,2755,25.846
2026-03-13 16:59:45.028000+00:00,0,0,0,15802,0,31185,27452,32456,245,11977,0,45403,23880,78198,2378,105677,19814,28193,170293,28686,2844,86438,4180,36875,168521,63794,2766,25.886
2026-03-13 16:59:45.068000+00:00,0,0,0,15866,0,31205,27487,32490,233,12008,0,45421,23854,78261,2372,105720,19790,28175,170327,28698,2850,86439,4172,36861,168510,63806,2773,25.926
2026-03-13 16:59:45.108000+00:00,0,0,0,15905,0,31245,27537,32545,223,12009,0,45445,23833,78341,2370,105745,19757,28167,170381,28712,2849,86419,4161,36844,168503,63814,2768,25.966
2026-03-13 16:59:45.148000+00:00,0,0,0,15909,0,31292,27592,32594,220,11979,0,45470,23823,78406,2373,105739,19728,28169,170443,28723,2843,86386,4153,36834,168500,63826,2757,26.006
2026-03-13 16:59:45.188000+00:00,0,0,0,15893,0,31324,27641,32618,223,11937,0,45483,23820,78436,2380,105722,19712,28172,170492,28731,2838,86355,4150,36829,168496,63840,2747,26.046
2026-03-13 16:59:45.228000+00:00,0,0,0,15883,0,31340,27683,32622,229,11905,0,45483,23824,78445,2389,105715,19708,28179,170515,28734,2837,86335,4152,36830,168484,63847,2743,26.086
2026-03-13 16:59:45.268000+00:00,0,0,0,15896,0,31352,27720,32625,230,11894,0,45478,23830,78457,2395,105732,19708,28189,170517,28729,2836,86327,4157,36833,168463,63841,2742,26.126
2026-03-13 16:59:45.308000+00:00,0,0,0,15928,0,31363,27754,32643,226,11902,0,45475,23833,78489,2395,105764,19702,28198,170517,28723,2837,86326,4157,36838,168445,63834,2743,26.166
2026-03-13 16:59:45.348000+00:00,0,0,0,15963,0,31378,27795,32678,222,11911,0,45477,23839,78537,2396,105797,19690,28210,170535,28726,2841,86321,4151,36842,168436,63841,2746,26.206
2026-03-13 16:59:45.388000+00:00,0,0,0,15991,0,31414,27846,32725,222,11911,0,45494,23846,78590,2399,105821,19675,28230,170578,28753,2842,86305,4146,36844,168439,63871,2749,26.246
2026-03-13 16:59:45.428000+00:00,0,0,0,16003,0,31469,27893,32777,222,11899,0,45518,23853,78626,2401,105835,19664,28265,170645,28801,2841,86289,4143,36847,168460,63905,2749,26.286
2026-03-13 16:59:45.468000+00:00,0,0,0,15993,0,31524,27904,32807,224,11890,0,45524,23874,78600,2398,105854,19670,28321,170721,28854,2839,86297,4141,36857,168516,63916,2751,26.326
2026-03-13 16:59:45.508000+00:00,0,0,0,15946,0,31564,27828,32778,230,11903,0,45499,23913,78465,2391,105889,19701,28390,170767,28894,2834,86349,4144,36870,168621,63901,2756,26.366
2026-03-13 16:59:45.548000+00:00,0,0,0,15850,0,31559,27647,32676,238,11929,0,45448,23956,78252,2381,105924,19749,28441,170739,28897,2826,86437,4157,36891,168764,63876,2761,26.406
2026-03-13 16:59:45.588000+00:00,0,0,0,15736,0,31466,27424,32532,245,11950,0,45391,23973,78059,2375,105936,19793,28432,170640,28844,2823,86519,4172,36915,168893,63850,2771,26.446
2026-03-13 16:59:45.628000+00:00,0,0,0,15651,0,31312,27257,32409,244,11955,0,45362,23954,77968,2371,105899,19821,28353,170515,28761,2828,86561,4177,36922,168953,63828,2781,26.486
2026-03-13 16:59:45.668000+00:00,0,0,0,15626,0,31193,27199,32348,234,11952,0,45377,23927,77978,2363,105823,19839,28251,170406,28698,2832,86570,4178,36909,168938,63816,2781,26.526
2026-03-13 16:59:45.708000+00:00,0,0,0,15646,0,31151,27233,32342,224,11947,0,45401,23913,78035,2356,105758,19848,28181,170341,28669,2828,86565,4180,36889,168887,63809,2770,26.566
2026-03-13 16:59:45.748000+00:00,0,0,0,15673,0,31144,27308,32366,221,11928,0,45400,23912,78091,2356,105716,19843,28158,170328,28655,2820,86542,4179,36877,168843,63800,2753,26.606
2026-03-13 16:59:45.788000+00:00,0,0,0,15686,0,31144,27372,32399,223,11899,0,45380,23912,78133,2361,105690,19822,28160,170346,28645,2813,86505,4172,36874,168821,63786,2740,26.646
2026-03-13 16:59:45.828000+00:00,0,0,0,15697,0,31154,27402,32435,224,11884,0,45373,23904,78170,2366,105691,19802,28169,170375,28647,2810,86490,4168,36871,168821,63779,2735,26.686
2026-03-13 16:59:45.869000+00:00,0,0,0,15715,0,31180,27411,32470,223,11895,0,45393,23894,78209,2368,105717,19799,28183,170401,28666,2813,86510,4173,36869,168833,63791,2737,26.727
2026-03-13 16:59:45.909000+00:00,0,0,0,15738,0,31206,27427,32489,223,11913,0,45420,23893,78243,2372,105743,19806,28195,170411,28686,2821,86532,4181,36872,168834,63812,2745,26.767
2026-03-13 16:59:45.949000+00:00,0,0,0,15763,0,31216,27464,32492,230,11921,0,45434,23902,78272,2384,105746,19807,28199,170407,28689,2833,86529,4183,36878,168814,63826,2754,26.807
2026-03-13 16:59:45.989000+00:00,0,0,0,15796,0,31224,27520,32494,239,11927,0,45440,23913,78305,2397,105735,19793,28193,170402,28684,2846,86511,4181,36880,168785,63836,2762,26.847
2026-03-13 16:59:46.029000+00:00,0,0,0,15839,0,31242,27583,32508,241,11938,0,45447,23920,78345,2401,105737,19768,28189,170408,28682,2853,86497,4184,36878,168760,63843,2766,26.887
2026-03-13 16:59:46.069000+00:00,0,0,0,15870,0,31267,27643,32526,239,11940,0,45455,23921,78385,2401,105747,19739,28196,170429,28686,2849,86482,4188,36876,168745,63847,2762,26.927
2026-03-13 16:59:46.109000+00:00,0,0,0,15881,0,31289,27680,32538,242,11928,0,45468,23911,78423,2408,105751,19705,28196,170462,28690,2835,86461,4181,36871,168740,63852,2752,26.967
2026-03-13 16:59:46.149000+00:00,0,0,0,15898,0,31305,27693,32546,248,11924,0,45487,23893,78464,2421,105754,19673,28173,170490,28687,2824,86451,4169,36861,168738,63861,2748,27.007
2026-03-13 16:59:46.189000+00:00,0,0,0,15923,0,31319,27705,32556,250,11927,0,45505,23880,78508,2429,105752,19654,28144,170500,28678,2822,86447,4162,36851,168734,63869,2751,27.047
2026-03-13 16:59:46.229000+00:00,0,0,0,15934,0,31330,27728,32571,250,11913,0,45511,23877,78543,2433,105744,19643,28130,170501,28670,2825,86437,4157,36847,168723,63871,2753,27.087
2026-03-13 16:59:46.269000+00:00,0,0,0,15938,0,31332,27762,32587,253,11890,0,45501,23875,78568,2437,105751,19622,28137,170522,28671,2832,86423,4150,36845,168716,63869,2756,27.127
2026-03-13 16:59:46.309000+00:00,0,0,0,15958,0,31334,27800,32612,258,11886,0,45490,23873,78599,2443,105785,19593,28159,170575,28682,2836,86415,4142,36845,168721,63879,2756,27.167
2026-03-13 16:59:46.349000+00:00,0,0,0,15984,0,31356,27844,32649,262,11891,0,45495,23877,78644,2448,105822,19575,28190,170637,28711,2834,86406,4140,36852,168733,63913,2749,27.207
2026-03-13 16:59:46.389000+00:00,0,0,0,15994,0,31408,27879,32696,267,11888,0,45517,23889,78679,2455,105853,19581,28233,170696,28764,2825,86394,4145,36868,168754,63957,2737,27.247
2026-03-13 16:59:46.429000+00:00,0,0,0,15977,0,31478,27863,32728,269,11890,0,45534,23908,78651,2455,105882,19620,28294,170756,28832,2818,86402,4153,36886,168809,63989,2730,27.287
2026-03-13 16:59:46.469000+00:00,0,0,0,15920,0,31535,27754,32709,259,11908,0,45527,23939,78533,2434,105905,19690,28372,170795,28883,2817,86457,4163,36908,168929,64002,2737,27.327
2026-03-13 16:59:46.509000+00:00,0,0,0,15821,0,31543,27569,32621,244,11931,0,45500,23980,78369,2405,105904,19773,28448,170770,28877,2823,86542,4172,36940,169092,64009,2755,27.367
2026-03-13 16:59:46.549000+00:00,0,0,0,15715,0,31472,27388,32498,237,11941,0,45482,24008,78247,2392,105876,19837,28480,170676,28818,2832,86615,4176,36967,169219,64015,2776,27.407
2026-03-13 16:59:46.589000+00:00,0,0,0,15656,0,31339,27290,32407,239,11945,0,45485,24010,78223,2397,105846,19855,28435,170565,28746,2836,86652,4177,36975,169259,64019,2788,27.447
2026-03-13 16:59:46.629000+00:00,0,0,0,15671,0,31226,27293,32385,242,11959,0,45493,23999,78286,2409,105834,19830,28331,170483,28693,2834,86658,4179,36973,169225,64016,2786,27.487
2026-03-13 16:59:46.669000+00:00,0,0,0,15731,0,31186,27361,32413,242,11979,0,45496,23992,78378,2416,105832,19790,28241,170431,28669,2832,86648,4184,36971,169156,64008,2778,27.527
2026-03-13 16:59:46.709000+00:00,0,0,0,15783,0,31200,27440,32455,240,11987,0,45498,23992,78450,2417,105829,19752,28206,170409,28667,2831,86634,4187,36971,169101,64007,2772,27.567
2026-03-13 16:59:46.749000+00:00,0,0,0,15806,0,31227,27493,32495,235,11980,0,45500,23994,78495,2415,105828,19728,28215,170434,28684,2829,86625,4187,36975,169098,64019,2768,27.607
2026-03-13 16:59:46.789000+00:00,0,0,0,15809,0,31250,27521,32529,227,11969,0,45504,24000,78525,2409,105821,19724,28247,170490,28714,2824,86625,4185,36986,169143,64046,2766,27.647
2026-03-13 16:59:46.829000+00:00,0,0,0,15804,0,31268,27538,32547,216,11958,0,45517,24010,78546,2400,105804,19727,28273,170528,28736,2818,86627,4180,36996,169187,64073,2764,27.687
2026-03-13 16:59:46.869000+00:00,0,0,0,15794,0,31279,27547,32544,212,11942,0,45537,24009,78563,2398,105777,19709,28267,170524,28732,2816,86619,4171,36995,169192,64081,2762,27.727
2026-03-13 16:59:46.909000+00:00,0,0,0,15782,0,31282,27551,32530,217,11916,0,45558,23988,78588,2407,105747,19663,28239,170503,28709,2821,86598,4162,36986,169164,64078,2766,27.767
2026-03-13 16:59:46.949000+00:00,0,0,0,15775,0,31282,27565,32514,227,11891,0,45576,23960,78627,2425,105717,19618,28213,170494,28693,2830,86574,4160,36980,169129,64088,2773,27.807
2026-03-13 16:59:46.989000+00:00,0,0,0,15795,0,31296,27594,32499,239,11886,0,45602,23942,78668,2449,105704,19604,28197,170497,28696,2836,86567,4167,36979,169103,64119,2778,27.847
2026-03-13 16:59:47.029000+00:00,0,0,0,15848,0,31319,27638,32495,254,11909,0,45630,23944,78710,2472,105733,19613,28194,170500,28710,2835,86579,4173,36983,169085,64158,2775,27.887
2026-03-13 16:59:47.069000+00:00,0,0,0,15918,0,31330,27689,32508,262,11947,0,45635,23962,78755,2484,105799,19615,28215,170496,28715,2832,86596,4176,36998,169069,64182,2773,27.927
2026-03-13 16:59:47.109000+00:00,0,0,0,15983,0,31326,27735,32529,261,11983,0,45614,23980,78794,2483,105869,19600,28251,170502,28709,2839,86606,4179,37018,169060,64182,2781,27.967
2026-03-13 16:59:47.149000+00:00,0,0,0,16026,0,31322,27769,32549,254,12004,0,45593,23987,78826,2478,105923,19582,28279,170527,28707,2852,86607,4183,37031,169059,64177,2792,28.007
2026-03-13 16:59:47.189000+00:00,0,0,0,16040,0,31332,27794,32571,242,12003,0,45595,23987,78870,2471,105960,19576,28287,170558,28715,2858,86602,4181,37036,169062,64193,2796,28.047
2026-03-13 16:59:47.229000+00:00,0,0,0,16024,0,31357,27809,32587,229,11979,0,45622,23984,78913,2464,105967,19592,28274,170584,28731,2849,86591,4177,37031,169068,64232,2787,28.087
2026-03-13 16:59:47.269000+00:00,0,0,0,15978,0,31393,27793,32588,220,11945,0,45646,23992,78904,2457,105945,19623,28250,170610,28760,2836,86582,4179,37016,169102,64273,2778,28.127
2026-03-13 16:59:47.309000+00:00,0,0,0,15897,0,31427,27722,32565,218,11920,0,45636,24030,78810,2445,105919,19665,28249,170641,28799,2831,86598,4192,37012,169199,64299,2781,28.167
2026-03-13 16:59:47.349000+00:00,0,0,0,15779,0,31428,27580,32503,218,11913,0,45595,24088,78665,2430,105894,19716,28300,170646,28810,2836,86642,4205,37049,169350,64308,2795,28.207
2026-03-13 16:59:47.389000+00:00,0,0,0,15667,0,31358,27402,32403,218,11927,0,45559,24130,78547,2418,105864,19765,28364,170594,28765,2838,86699,4212,37114,169493,64304,2806,28.247
2026-03-13 16:59:47.429000+00:00,0,0,0,15611,0,31234,27266,32303,218,11958,0,45559,24136,78510,2416,105837,19800,28361,170497,28690,2834,86753,4214,37158,169563,64301,2809,28.287
2026-03-13 16:59:47.469000+00:00,0,0,0,15617,0,31134,27212,32241,220,11991,0,45592,24116,78543,2425,105821,19815,28281,170391,28630,2829,86792,4215,37161,169549,64306,2807,28.327
2026-03-13 16:59:47.509000+00:00,0,0,0,15666,0,31095,27222,32220,226,12022,0,45629,24084,78595,2439,105820,19809,28188,170303,28596,2828,86810,4211,37143,169493,64309,2805,28.367
2026-03-13 16:59:47.549000+00:00,0,0,0,15728,0,31096,27259,32230,236,12047,0,45645,24055,78637,2455,105827,19789,28140,170258,28584,2834,86811,4206,37127,169442,64304,2807,28.407
2026-03-13 16:59:47.589000+00:00,0,0,0,15773,0,31115,27304,32263,248,12057,0,45646,24038,78669,2472,105829,19766,28149,170267,28602,2837,86800,4206,37123,169424,64307,2806,28.447
2026-03-13 16:59:47.629000+00:00,0,0,0,15783,0,31152,27342,32309,256,12044,0,45655,24040,78704,2483,105813,19750,28194,170302,28645,2829,86785,4212,37131,169437,64333,2803,28.487
2026-03-13 16:59:47.669000+00:00,0,0,0,15767,0,31199,27365,32351,258,12018,0,45680,24051,78752,2487,105779,19743,28231,170318,28686,2820,86769,4217,37141,169458,64378,2803,28.527
2026-03-13 16:59:47.709000+00:00,0,0,0,15754,0,31229,27379,32372,254,12001,0,45705,24061,78809,2485,105745,19740,28237,170301,28697,2818,86756,4213,37150,169467,64423,2804,28.567
2026-03-13 16:59:47.749000+00:00,0,0,0,15766,0,31220,27394,32374,245,12006,0,45711,24066,78872,2480,105730,19733,28220,170273,28674,2822,86750,4205,37161,169460,64449,2805,28.607
2026-03-13 16:59:47.789000+00:00,0,0,0,15796,0,31189,27416,32368,237,12021,0,45700,24064,78927,2479,105727,19711,28194,170250,28633,2825,86746,4198,37167,169443,64455,2807,28.647
2026-03-13 16:59:47.829000+00:00,0,0,0,15826,0,31164,27442,32359,236,12030,0,45690,24056,78964,2487,105718,19670,28167,170238,28597,2822,86738,4193,37167,169424,64448,2808,28.687
2026-03-13 16:59:47.869000+00:00,0,0,0,15854,0,31155,27474,32357,236,12033,0,45682,24049,78988,2494,105702,19627,28154,170238,28579,2819,86723,4188,37167,169402,64439,2809,28.727
2026-03-13 16:59:47.909000+00:00,0,0,0,15872,0,31161,27516,32362,232,12026,0,45675,24052,79003,2493,105691,19595,28163,170247,28578,2816,86700,4184,37169,169377,64431,2805,28.767
2026-03-13 16:59:47.949000+00:00,0,0,0,15869,0,31186,27561,32375,233,12002,0,45685,24060,79021,2496,105679,19572,28185,170268,28591,2812,86671,4178,37168,169361,64435,2795,28.807
2026-03-13 16:59:47.989000+00:00,0,0,0,15855,0,31230,27598,32397,239,11970,0,45719,24065,79058,2505,105660,19553,28206,170292,28618,2815,86641,4170,37165,169356,64460,2794,28.847
2026-03-13 16:59:48.029000+00:00,0,0,0,15845,0,31274,27626,32429,236,11942,0,45763,24062,79125,2508,105646,19541,28222,170316,28645,2829,86614,4167,37168,169353,64498,2807,28.887
2026-03-13 16:59:48.069000+00:00,0,0,0,15863,0,31301,27662,32467,227,11936,0,45792,24056,79203,2504,105662,19534,28239,170355,28662,2841,86596,4171,37176,169344,64530,2820,28.927
2026-03-13 16:59:48.109000+00:00,0,0,0,15924,0,31323,27713,32502,220,11967,0,45803,24058,79256,2501,105726,19530,28266,170414,28680,2844,86599,4179,37184,169334,64550,2825,28.967
2026-03-13 16:59:48.149000+00:00,0,0,0,15985,0,31348,27746,32525,218,12015,0,45798,24078,79247,2497,105814,19546,28321,170483,28713,2840,86626,4192,37201,169349,64560,2819,29.007
2026-03-13 16:59:48.189000+00:00,0,0,0,15988,0,31357,27699,32513,218,12057,0,45774,24116,79146,2485,105898,19608,28411,170534,28753,2831,86680,4214,37229,169417,64571,2811,29.047
2026-03-13 16:59:48.229000+00:00,0,0,0,15921,0,31326,27547,32442,220,12089,0,45752,24153,78995,2472,105955,19703,28500,170532,28776,2823,86753,4235,37264,169534,64596,2813,29.087
2026-03-13 16:59:48.269000+00:00,0,0,0,15820,0,31259,27356,32331,227,12103,0,45761,24166,78888,2470,105954,19785,28536,170455,28758,2819,86814,4243,37291,169637,64632,2825,29.127
2026-03-13 16:59:48.309000+00:00,0,0,0,15746,0,31192,27224,32234,237,12101,0,45800,24151,78877,2482,105898,19825,28486,170333,28705,2820,86836,4238,37304,169664,64648,2832,29.167
2026-03-13 16:59:48.349000+00:00,0,0,0,15737,0,31148,27193,32189,241,12102,0,45836,24124,78934,2494,105833,19824,28372,170223,28644,2820,86828,4230,37303,169614,64633,2827,29.207
2026-03-13 16:59:48.389000+00:00,0,0,0,15776,0,31130,27235,32191,236,12110,0,45848,24098,78994,2497,105787,19782,28267,170159,28604,2814,86808,4218,37289,169532,64599,2811,29.247
2026-03-13 16:59:48.429000+00:00,0,0,0,15825,0,31145,27307,32218,233,12113,0,45849,24083,79032,2501,105759,19715,28220,170148,28594,2801,86790,4205,37268,169468,64570,2792,29.287
2026-03-13 16:59:48.469000+00:00,0,0,0,15862,0,31190,27381,32267,238,12108,0,45861,24091,79073,2510,105765,19675,28226,170177,28615,2792,86782,4196,37256,169451,64570,2782,29.327
2026-03-13 16:59:48.509000+00:00,0,0,0,15874,0,31245,27441,32336,237,12094,0,45880,24115,79136,2513,105799,19680,28262,170214,28653,2795,86776,4193,37258,169468,64598,2784,29.367
2026-03-13 16:59:48.549000+00:00,0,0,0,15870,0,31283,27469,32392,232,12078,0,45888,24126,79189,2508,105821,19699,28295,170230,28682,2806,86759,4194,37263,169481,64625,2794,29.407
2026-03-13 16:59:48.589000+00:00,0,0,0,15866,0,31292,27470,32412,228,12067,0,45879,24109,79205,2505,105819,19696,28298,170224,28681,2812,86736,4193,37256,169473,64624,2801,29.447
2026-03-13 16:59:48.629000+00:00,0,0,0,15866,0,31283,27469,32406,225,12053,0,45864,24076,79204,2503,105801,19665,28269,170213,28659,2812,86705,4191,37236,169446,64601,2801,29.487
2026-03-13 16:59:48.669000+00:00,0,0,0,15864,0,31275,27486,32395,221,12029,0,45863,24048,79220,2502,105768,19622,28228,170207,28637,2816,86665,4187,37214,169407,64585,2802,29.527
2026-03-13 16:59:48.709000+00:00,0,0,0,15867,0,31280,27518,32393,222,12004,0,45881,24032,79263,2506,105726,19590,28200,170207,28628,2818,86625,4185,37201,169369,64596,2803,29.567
2026-03-13 16:59:48.749000+00:00,0,0,0,15878,0,31291,27559,32400,232,11988,0,45900,24028,79322,2522,105694,19572,28199,170209,28633,2813,86594,4183,37206,169340,64627,2798,29.607
2026-03-13 16:59:48.789000+00:00,0,0,0,15897,0,31299,27606,32414,238,11985,0,45909,24034,79379,2536,105686,19564,28220,170218,28648,2808,86575,4182,37222,169321,64658,2790,29.647
2026-03-13 16:59:48.829000+00:00,0,0,0,15929,0,31310,27655,32444,231,11993,0,45910,24048,79436,2534,105695,19560,28247,170246,28662,2813,86567,4181,37233,169310,64677,2792,29.687
2026-03-13 16:59:48.869000+00:00,0,0,0,15962,0,31328,27700,32484,222,12004,0,45910,24065,79483,2526,105716,19553,28275,170290,28675,2822,86564,4179,37239,169311,64686,2801,29.727
2026-03-13 16:59:48.909000+00:00,0,0,0,15978,0,31351,27715,32514,222,12018,0,45907,24087,79490,2525,105756,19548,28319,170334,28696,2826,86570,4180,37252,169331,64695,2806,29.767
2026-03-13 16:59:48.949000+00:00,0,0,0,15964,0,31365,27663,32509,221,12047,0,45905,24122,79435,2519,105816,19568,28383,170362,28727,2823,86602,4191,37281,169387,64717,2810,29.807
2026-03-13 16:59:48.989000+00:00,0,0,0,15904,0,31349,27529,32447,210,12086,0,45911,24169,79339,2501,105880,19624,28439,170348,28740,2820,86661,4204,37323,169483,64755,2818,29.847
2026-03-13 16:59:49.029000+00:00,0,0,0,15810,0,31284,27358,32339,201,12109,0,45926,24203,79261,2486,105921,19700,28441,170274,28710,2819,86723,4209,37365,169581,64795,2827,29.887
2026-03-13 16:59:49.069000+00:00,0,0,0,15727,0,31191,27226,32239,205,12106,0,45941,24205,79251,2488,105908,19753,28384,170170,28649,2817,86754,4207,37394,169631,64818,2831,29.927
2026-03-13 16:59:49.109000+00:00,0,0,0,15690,0,31118,27176,32189,219,12090,0,45956,24180,79302,2507,105833,19761,28298,170087,28589,2819,86745,4199,37399,169620,64822,2832,29.967
2026-03-13 16:59:49.149000+00:00,0,0,0,15704,0,31091,27207,32187,230,12080,0,45970,24155,79371,2524,105748,19741,28228,170038,28554,2828,86715,4192,37383,169562,64816,2836,30.007
2026-03-13 16:59:49.189000+00:00,0,0,0,15754,0,31102,27285,32212,231,12085,0,45975,24149,79423,2529,105705,19716,28199,170014,28553,2841,86692,4193,37363,169488,64809,2841,30.047
2026-03-13 16:59:49.229000+00:00,0,0,0,15814,0,31140,27366,32258,230,12104,0,45979,24162,79459,2527,105705,19699,28217,170014,28590,2842,86693,4201,37357,169434,64818,2839,30.087
2026-03-13 16:59:49.269000+00:00,0,0,0,15850,0,31191,27416,32312,236,12115,0,45996,24177,79492,2534,105722,19697,28263,170039,28646,2831,86701,4207,37364,169425,64844,2832,30.127
2026-03-13 16:59:49.309000+00:00,0,0,0,15852,0,31229,27431,32350,245,12106,0,46014,24179,79527,2547,105735,19701,28302,170076,28686,2819,86696,4204,37373,169448,64868,2828,30.167
2026-03-13 16:59:49.349000+00:00,0,0,0,15845,0,31238,27435,32360,248,12087,0,46021,24168,79559,2557,105736,19699,28313,170094,28688,2817,86671,4200,37375,169461,64878,2830,30.207
2026-03-13 16:59:49.389000+00:00,0,0,0,15848,0,31229,27453,32352,242,12073,0,46018,24152,79583,2557,105730,19684,28305,170081,28658,2820,86636,4198,37374,169434,64868,2833,30.247
2026-03-13 16:59:49.429000+00:00,0,0,0,15845,0,31223,27485,32342,230,12046,0,46014,24136,79601,2547,105707,19650,28291,170070,28618,2822,86588,4190,37373,169389,64848,2831,30.287
2026-03-13 16:59:49.469000+00:00,0,0,0,15820,0,31222,27517,32338,220,11997,0,46013,24118,79628,2539,105660,19607,28269,170080,28592,2823,86526,4175,37367,169357,64841,2826,30.327
2026-03-13 16:59:49.509000+00:00,0,0,0,15803,0,31227,27544,32341,217,11955,0,46022,24104,79668,2541,105615,19574,28239,170096,28592,2817,86475,4164,37353,169338,64858,2819,30.367
2026-03-13 16:59:49.549000+00:00,0,0,0,15821,0,31241,27567,32349,220,11949,0,46045,24096,79717,2553,105604,19558,28209,170104,28609,2806,86453,4163,37332,169319,64886,2809,30.407
2026-03-13 16:59:49.589000+00:00,0,0,0,15860,0,31261,27585,32363,232,11971,0,46066,24096,79756,2572,105616,19560,28200,170111,28631,2799,86452,4165,37318,169307,64906,2805,30.447
2026-03-13 16:59:49.629000+00:00,0,0,0,15891,0,31279,27579,32377,248,12011,0,46070,24114,79761,2587,105645,19588,28235,170122,28658,2805,86476,4172,37326,169318,64920,2814,30.487
2026-03-13 16:59:49.669000+00:00,0,0,0,15888,0,31287,27509,32373,254,12064,0,46068,24153,79718,2586,105697,19652,28314,170128,28690,2818,86535,4185,37368,169376,64945,2834,30.527
2026-03-13 16:59:49.709000+00:00,0,0,0,15829,0,31256,27358,32321,246,12113,0,46069,24199,79644,2570,105751,19739,28399,170109,28703,2829,86615,4202,37435,169483,64995,2855,30.567
2026-03-13 16:59:49.749000+00:00,0,0,0,15740,0,31170,27179,32220,231,12142,0,46075,24229,79583,2551,105759,19822,28424,170048,28671,2828,86680,4219,37500,169595,65048,2866,30.607
2026-03-13 16:59:49.789000+00:00,0,0,0,15664,0,31073,27057,32118,227,12143,0,46091,24233,79574,2547,105712,19869,28364,169961,28612,2817,86703,4228,37535,169652,65082,2862,30.647
2026-03-13 16:59:49.829000+00:00,0,0,0,15621,0,31008,27024,32061,240,12120,0,46112,24216,79615,2567,105639,19868,28263,169888,28560,2805,86684,4224,37536,169645,65094,2853,30.687
2026-03-13 16:59:49.869000+00:00,0,0,0,15609,0,30983,27056,32060,255,12087,0,46123,24191,79676,2589,105571,19829,28176,169851,28527,2798,86646,4209,37514,169604,65089,2844,30.727
2026-03-13 16:59:49.909000+00:00,0,0,0,15621,0,30988,27110,32094,255,12063,0,46123,24169,79725,2595,105529,19773,28126,169832,28509,2795,86610,4195,37479,169553,65069,2833,30.767
2026-03-13 16:59:49.949000+00:00,0,0,0,15642,0,31014,27159,32142,243,12050,0,46125,24159,79760,2584,105518,19733,28114,169822,28510,2800,86581,4191,37451,169512,65051,2827,30.807
2026-03-13 16:59:49.989000+00:00,0,0,0,15657,0,31052,27198,32189,232,12042,0,46139,24165,79797,2570,105524,19735,28133,169836,28540,2814,86561,4197,37443,169498,65060,2831,30.847
2026-03-13 16:59:50.029000+00:00,0,0,0,15661,0,31089,27225,32220,233,12030,0,46168,24171,79837,2569,105527,19773,28155,169863,28586,2824,86548,4203,37449,169500,65098,2837,30.887
2026-03-13 16:59:50.069000+00:00,0,0,0,15665,0,31111,27241,32227,243,12019,0,46199,24167,79871,2583,105521,19801,28160,169878,28618,2828,86541,4204,37454,169495,65137,2841,30.927
2026-03-13 16:59:50.109000+00:00,0,0,0,15674,0,31115,27259,32226,249,12008,0,46217,24152,79904,2595,105515,19789,28150,169883,28619,2831,86526,4195,37454,169475,65154,2845,30.967
2026-03-13 16:59:50.149000+00:00,0,0,0,15680,0,31122,27294,32237,248,11990,0,46224,24138,79943,2601,105513,19753,28143,169895,28607,2831,86491,4179,37449,169444,65155,2845,31.007
2026-03-13 16:59:50.190000+00:00,0,0,0,15701,0,31141,27345,32262,242,11983,0,46228,24132,79989,2600,105522,19719,28143,169918,28601,2831,86453,4165,37440,169414,65155,2844,31.048
2026-03-13 16:59:50.230000+00:00,0,0,0,15756,0,31156,27399,32291,235,12009,0,46224,24133,80038,2595,105553,19701,28147,169946,28601,2834,86438,4159,37434,169393,65155,2848,31.088
2026-03-13 16:59:50.270000+00:00,0,0,0,15819,0,31165,27444,32315,231,12045,0,46219,24137,80084,2592,105597,19700,28150,169964,28599,2839,86442,4159,37426,169375,65152,2853,31.128
2026-03-13 16:59:50.310000+00:00,0,0,0,15852,0,31175,27473,32330,236,12057,0,46224,24137,80123,2601,105626,19709,28150,169981,28593,2838,86440,4164,37415,169357,65148,2855,31.168
2026-03-13 16:59:50.350000+00:00,0,0,0,15862,0,31187,27490,32342,245,12050,0,46236,24126,80161,2614,105640,19720,28156,170013,28589,2831,86427,4169,37409,169348,65156,2853,31.208
2026-03-13 16:59:50.390000+00:00,0,0,0,15878,0,31198,27508,32361,248,12049,0,46242,24114,80207,2620,105658,19732,28177,170051,28598,2821,86416,4176,37418,169341,65177,2846,31.248
2026-03-13 16:59:50.430000+00:00,0,0,0,15905,0,31216,27526,32395,246,12063,0,46246,24119,80248,2619,105696,19748,28211,170084,28631,2808,86415,4186,37434,169334,65205,2834,31.288
2026-03-13 16:59:50.470000+00:00,0,0,0,15906,0,31246,27512,32427,244,12084,0,46250,24149,80250,2614,105742,19778,28265,170119,28686,2798,86429,4197,37460,169370,65245,2826,31.328
2026-03-13 16:59:50.510000+00:00,0,0,0,15839,0,31268,27413,32414,242,12095,0,46249,24197,80191,2605,105753,19826,28338,170137,28726,2798,86464,4205,37509,169481,65299,2835,31.368
2026-03-13 16:59:50.550000+00:00,0,0,0,15711,0,31256,27233,32321,238,12094,0,46246,24246,80095,2591,105703,19877,28382,170094,28718,2809,86519,4212,37575,169631,65358,2859,31.408
2026-03-13 16:59:50.590000+00:00,0,0,0,15579,0,31184,27055,32182,230,12085,0,46255,24281,80023,2579,105615,19911,28354,169984,28664,2823,86568,4216,37627,169745,65402,2884,31.448
2026-03-13 16:59:50.630000+00:00,0,0,0,15503,0,31070,26956,32076,225,12080,0,46277,24294,80022,2575,105526,19921,28267,169866,28595,2828,86589,4212,37645,169780,65420,2893,31.488
2026-03-13 16:59:50.670000+00:00,0,0,0,15496,0,30982,26944,32043,228,12084,0,46300,24281,80077,2583,105457,19913,28176,169788,28549,2822,86585,4207,37634,169748,65420,2884,31.528
2026-03-13 16:59:50.710000+00:00,0,0,0,15521,0,30955,26981,32063,233,12078,0,46314,24251,80138,2593,105411,19893,28118,169748,28536,2816,86559,4205,37611,169685,65412,2869,31.568
2026-03-13 16:59:50.750000+00:00,0,0,0,15532,0,30960,27025,32097,235,12048,0,46315,24218,80173,2601,105389,19867,28093,169733,28536,2813,86518,4203,37589,169621,65396,2855,31.608
2026-03-13 16:59:50.790000+00:00,0,0,0,15528,0,30959,27056,32118,238,12015,0,46305,24196,80185,2607,105378,19843,28084,169736,28530,2809,86478,4198,37575,169576,65380,2846,31.648
2026-03-13 16:59:50.830000+00:00,0,0,0,15524,0,30949,27072,32125,237,12000,0,46296,24191,80198,2606,105363,19830,28083,169750,28522,2809,86455,4194,37572,169563,65380,2847,31.688
2026-03-13 16:59:50.870000+00:00,0,0,0,15528,0,30945,27085,32130,231,12000,0,46304,24193,80227,2601,105343,19827,28083,169765,28524,2815,86444,4191,37574,169573,65397,2856,31.728
2026-03-13 16:59:50.910000+00:00,0,0,0,15551,0,30962,27107,32137,226,12010,0,46330,24190,80267,2598,105342,19826,28070,169773,28533,2820,86438,4191,37566,169570,65415,2860,31.768
2026-03-13 16:59:50.950000+00:00,0,0,0,15597,0,30997,27156,32162,222,12029,0,46358,24188,80322,2598,105374,19822,28060,169779,28548,2822,86431,4195,37553,169539,65426,2857,31.808
2026-03-13 16:59:50.990000+00:00,0,0,0,15647,0,31048,27238,32218,219,12040,0,46374,24200,80396,2600,105413,19810,28082,169806,28575,2826,86413,4195,37551,169501,65438,2856,31.848
2026-03-13 16:59:51.030000+00:00,0,0,0,15670,0,31103,27332,32285,219,12024,0,46380,24221,80468,2605,105427,19789,28127,169860,28612,2831,86375,4190,37557,169479,65455,2858,31.888
2026-03-13 16:59:51.070000+00:00,0,0,0,15668,0,31151,27404,32333,225,11988,0,46387,24233,80516,2616,105425,19770,28168,169917,28646,2833,86328,4186,37560,169473,65475,2858,31.928
2026-03-13 16:59:51.110000+00:00,0,0,0,15671,0,31191,27443,32353,237,11961,0,46404,24231,80538,2631,105436,19757,28192,169950,28668,2827,86298,4187,37559,169466,65493,2852,31.968
2026-03-13 16:59:51.150000+00:00,0,0,0,15704,0,31226,27463,32357,246,11966,0,46426,24220,80556,2645,105478,19747,28205,169958,28678,2811,86300,4188,37559,169450,65507,2835,32.008
2026-03-13 16:59:51.190000+00:00,0,0,0,15765,0,31251,27478,32367,241,12000,0,46447,24205,80590,2646,105544,19740,28209,169974,28684,2795,86319,4188,37553,169438,65520,2818,32.048
2026-03-13 16:59:51.230000+00:00,0,0,0,15821,0,31272,27503,32398,225,12031,0,46461,24192,80649,2636,105609,19737,28216,170024,28695,2793,86325,4186,37546,169441,65537,2816,32.088
2026-03-13 16:59:51.270000+00:00,0,0,0,15855,0,31297,27546,32450,213,12040,0,46471,24187,80725,2627,105658,19729,28252,170107,28715,2803,86309,4183,37553,169461,65557,2827,32.128
2026-03-13 16:59:51.310000+00:00,0,0,0,15883,0,31339,27610,32514,213,12036,0,46487,24193,80808,2629,105687,19711,28311,170203,28750,2814,86288,4177,37573,169489,65587,2843,32.168
2026-03-13 16:59:51.350000+00:00,0,0,0,15925,0,31403,27682,32581,221,12040,0,46522,24203,80890,2641,105705,19697,28364,170284,28803,2817,86280,4179,37591,169505,65632,2853,32.208
2026-03-13 16:59:51.390000+00:00,0,0,0,15975,0,31479,27750,32641,237,12049,0,46571,24210,80964,2664,105737,19701,28399,170342,28867,2811,86283,4191,37600,169500,65686,2853,32.248
2026-03-13 16:59:51.430000+00:00,0,0,0,16010,0,31545,27809,32693,255,12043,0,46611,24215,81028,2691,105776,19711,28432,170383,28930,2805,86278,4199,37608,169484,65739,2849,32.288
2026-03-13 16:59:51.470000+00:00,0,0,0,16025,0,31592,27859,32740,268,12028,0,46633,24224,81084,2712,105799,19709,28475,170429,28981,2806,86260,4193,37621,169471,65786,2847,32.328
2026-03-13 16:59:51.510000+00:00,0,0,0,16028,0,31617,27882,32772,270,12026,0,46643,24244,81112,2715,105817,19700,28524,170488,29013,2811,86253,4184,37642,169488,65823,2847,32.368
2026-03-13 16:59:51.550000+00:00,0,0,0,16002,0,31591,27828,32750,264,12053,0,46633,24284,81072,2701,105838,19714,28566,170534,29021,2815,86288,4186,37679,169566,65861,2852,32.408
2026-03-13 16:59:51.590000+00:00,0,0,0,15910,0,31489,27650,32639,254,12093,0,46604,24338,80962,2681,105842,19776,28583,170512,28994,2813,86370,4201,37740,169714,65916,2862,32.448
2026-03-13 16:59:51.630000+00:00,0,0,0,15739,0,31330,27389,32460,248,12111,0,46585,24390,80847,2668,105799,19876,28553,170400,28927,2809,86466,4224,37811,169886,65984,2876,32.488
2026-03-13 16:59:51.670000+00:00,0,0,0,15546,0,31171,27169,32290,248,12106,0,46593,24425,80799,2668,105733,19970,28481,170246,28840,2807,86537,4247,37868,170014,66037,2887,32.528
2026-03-13 16:59:51.710000+00:00,0,0,0,15412,0,31055,27079,32202,251,12110,0,46623,24441,80836,2677,105689,20027,28400,170127,28773,2804,86576,4267,37891,170068,66064,2890,32.568
2026-03-13 16:59:51.750000+00:00,0,0,0,15399,0,31005,27104,32207,253,12128,0,46667,24438,80921,2687,105671,20044,28340,170078,28750,2805,86591,4273,37881,170063,66076,2889,32.608
2026-03-13 16:59:51.790000+00:00,0,0,0,15511,0,31028,27173,32258,248,12150,0,46706,24418,80999,2689,105678,20025,28309,170077,28755,2814,86595,4264,37854,170027,66074,2895,32.648
2026-03-13 16:59:51.830000+00:00,0,0,0,15655,0,31096,27224,32301,240,12172,0,46722,24388,81041,2684,105712,19985,28293,170095,28762,2827,86601,4253,37829,169989,66065,2905,32.688
2026-03-13 16:59:51.870000+00:00,0,0,0,15731,0,31140,27237,32311,238,12182,0,46711,24360,81055,2683,105737,19953,28276,170121,28753,2832,86604,4249,37815,169979,66054,2912,32.728
2026-03-13 16:59:51.910000+00:00,0,0,0,15739,0,31128,27224,32299,239,12179,0,46689,24342,81066,2687,105730,19938,28250,170151,28726,2830,86596,4245,37814,170006,66053,2912,32.768
2026-03-13 16:59:51.950000+00:00,0,0,0,15726,0,31097,27215,32283,238,12171,0,46675,24339,81084,2689,105699,19924,28225,170169,28701,2822,86580,4235,37820,170035,66061,2907,32.808
2026-03-13 16:59:51.990000+00:00,0,0,0,15714,0,31092,27243,32281,241,12153,0,46675,24354,81117,2696,105660,19894,28229,170168,28702,2810,86554,4221,37830,170027,66077,2894,32.848
2026-03-13 16:59:52.030000+00:00,0,0,0,15713,0,31134,27317,32314,247,12124,0,46691,24380,81175,2704,105617,19859,28279,170172,28738,2804,86518,4210,37847,169995,66098,2883,32.888
2026-03-13 16:59:52.070000+00:00,0,0,0,15741,0,31215,27410,32380,244,12108,0,46723,24395,81257,2703,105599,19843,28341,170212,28795,2812,86491,4211,37857,169972,66127,2884,32.928
2026-03-13 16:59:52.110000+00:00,0,0,0,15799,0,31294,27485,32451,238,12118,0,46761,24389,81338,2701,105638,19849,28376,170277,28845,2820,86492,4219,37851,169970,66159,2889,32.968
2026-03-13 16:59:52.150000+00:00,0,0,0,15857,0,31342,27532,32500,241,12136,0,46787,24375,81398,2711,105721,19863,28381,170333,28872,2821,86508,4227,37835,169980,66186,2889,33.008
2026-03-13 16:59:52.190000+00:00,0,0,0,15892,0,31360,27557,32525,252,12142,0,46802,24362,81440,2727,105792,19877,28373,170374,28878,2818,86517,4235,37822,169994,66204,2888,33.048
2026-03-13 16:59:52.230000+00:00,0,0,0,15907,0,31362,27577,32536,252,12139,0,46807,24355,81478,2733,105825,19879,28369,170411,28872,2815,86508,4245,37818,170009,66215,2885,33.088
2026-03-13 16:59:52.270000+00:00,0,0,0,15909,0,31358,27601,32543,244,12128,0,46805,24359,81516,2730,105828,19866,28378,170446,28865,2810,86487,4249,37826,170023,66229,2879,33.128
2026-03-13 16:59:52.310000+00:00,0,0,0,15902,0,31364,27633,32555,239,12107,0,46809,24371,81560,2731,105817,19851,28396,170476,28875,2807,86462,4249,37842,170034,66260,2880,33.168
2026-03-13 16:59:52.350000+00:00,0,0,0,15895,0,31386,27672,32586,240,12081,0,46824,24381,81621,2737,105808,19842,28425,170517,28907,2813,86444,4246,37861,170047,66308,2889,33.208
2026-03-13 16:59:52.390000+00:00,0,0,0,15909,0,31423,27725,32640,239,12068,0,46846,24390,81702,2742,105824,19834,28473,170583,28946,2822,86439,4240,37888,170071,66358,2899,33.248
2026-03-13 16:59:52.430000+00:00,0,0,0,15947,0,31475,27793,32706,236,12074,0,46873,24405,81788,2744,105879,19829,28536,170663,28990,2830,86443,4235,37919,170101,66404,2907,33.288
2026-03-13 16:59:52.470000+00:00,0,0,0,15971,0,31524,27849,32761,232,12077,0,46896,24432,81845,2743,105943,19834,28597,170729,29030,2834,86445,4234,37948,170128,66443,2911,33.328
2026-03-13 16:59:52.510000+00:00,0,0,0,15937,0,31534,27840,32767,229,12067,0,46906,24472,81838,2736,105968,19850,28638,170763,29051,2839,86448,4236,37978,170180,66478,2915,33.368
2026-03-13 16:59:52.550000+00:00,0,0,0,15851,0,31480,27711,32693,230,12078,0,46908,24518,81765,2732,105954,19883,28648,170754,29045,2841,86481,4244,38021,170299,66533,2921,33.408
2026-03-13 16:59:52.590000+00:00,0,0,0,15748,0,31373,27491,32552,237,12125,0,46918,24563,81676,2734,105935,19941,28622,170685,29015,2835,86549,4259,38081,170468,66616,2929,33.448
2026-03-13 16:59:52.630000+00:00,0,0,0,15657,0,31252,27282,32407,242,12171,0,46937,24590,81635,2735,105919,20007,28564,170578,28965,2825,86630,4279,38138,170616,66695,2935,33.488
2026-03-13 16:59:52.670000+00:00,0,0,0,15596,0,31168,27179,32333,238,12177,0,46959,24593,81672,2728,105890,20051,28501,170500,28919,2825,86701,4293,38173,170693,66740,2943,33.528
2026-03-13 16:59:52.710000+00:00,0,0,0,15594,0,31157,27205,32349,231,12162,0,46977,24588,81757,2724,105853,20058,28473,170475,28901,2831,86738,4295,38182,170691,66749,2947,33.568
2026-03-13 16:59:52.750000+00:00,0,0,0,15658,0,31201,27303,32410,232,12167,0,46983,24584,81830,2731,105832,20038,28487,170479,28914,2835,86745,4286,38171,170639,66739,2943,33.608
2026-03-13 16:59:52.790000+00:00,0,0,0,15733,0,31247,27397,32462,239,12183,0,46977,24578,81862,2744,105830,20009,28505,170494,28936,2835,86737,4273,38150,170588,66729,2935,33.648
2026-03-13 16:59:52.830000+00:00,0,0,0,15749,0,31254,27440,32475,243,12172,0,46963,24569,81865,2752,105824,19981,28493,170507,28939,2833,86721,4262,38134,170576,66729,2933,33.688
2026-03-13 16:59:52.870000+00:00,0,0,0,15711,0,31219,27433,32456,238,12136,0,46949,24558,81862,2749,105811,19964,28452,170519,28914,2834,86706,4257,38128,170602,66735,2938,33.728
2026-03-13 16:59:52.910000+00:00,0,0,0,15676,0,31179,27412,32431,232,12111,0,46943,24548,81873,2745,105809,19965,28413,170529,28877,2833,86704,4263,38132,170638,66742,2941,33.768
2026-03-13 16:59:52.950000+00:00,0,0,0,15690,0,31175,27424,32432,231,12118,0,46949,24548,81913,2748,105825,19973,28406,170541,28863,2830,86714,4274,38138,170653,66751,2937,33.808
2026-03-13 16:59:52.990000+00:00,0,0,0,15759,0,31228,27482,32479,233,12152,0,46974,24556,81986,2754,105874,19974,28443,170577,28895,2830,86733,4279,38145,170649,66770,2931,33.848
2026-03-13 16:59:53.030000+00:00,0,0,0,15849,0,31320,27565,32566,231,12186,0,47014,24556,82079,2757,105960,19964,28510,170654,28962,2832,86749,4273,38149,170642,66803,2929,33.888
2026-03-13 16:59:53.070000+00:00,0,0,0,15908,0,31406,27645,32659,224,12190,0,47054,24548,82168,2754,106048,19945,28571,170742,29023,2830,86746,4267,38145,170641,66831,2926,33.928
2026-03-13 16:59:53.110000+00:00,0,0,0,15934,0,31462,27711,32728,218,12176,0,47079,24542,82234,2753,106092,19927,28604,170813,29050,2824,86725,4269,38136,170646,66837,2919,33.968
2026-03-13 16:59:53.150000+00:00,0,0,0,15963,0,31492,27758,32768,219,12175,0,47091,24538,82277,2758,106089,19917,28608,170859,29054,2823,86708,4280,38126,170649,66828,2915,34.008
2026-03-13 16:59:53.190000+00:00,0,0,0,15994,0,31514,27791,32788,225,12182,0,47098,24534,82303,2766,106067,19917,28601,170886,29058,2827,86695,4287,38119,170640,66823,2914,34.048
2026-03-13 16:59:53.230000+00:00,0,0,0,16007,0,31539,27827,32800,230,12174,0,47106,24534,82320,2772,106043,19920,28600,170909,29071,2824,86679,4282,38118,170626,66838,2911,34.088
2026-03-13 16:59:53.270000+00:00,0,0,0,16012,0,31570,27869,32814,233,12158,0,47122,24538,82341,2778,106028,19918,28613,170946,29096,2816,86667,4270,38126,170622,66870,2906,34.128
2026-03-13 16:59:53.310000+00:00,0,0,0,16033,0,31604,27916,32841,238,12154,0,47142,24544,82381,2788,106040,19909,28642,171002,29131,2811,86667,4262,38142,170633,66911,2907,34.168
2026-03-13 16:59:53.350000+00:00,0,0,0,16067,0,31639,27978,32886,246,12159,0,47159,24560,82444,2805,106081,19897,28691,171064,29170,2815,86675,4262,38166,170650,66950,2913,34.208
2026-03-13 16:59:53.390000+00:00,0,0,0,16100,0,31680,28047,32942,252,12164,0,47177,24587,82513,2816,106126,19889,28753,171122,29213,2819,86679,4261,38193,170670,66987,2916,34.248
2026-03-13 16:59:53.430000+00:00,0,0,0,16111,0,31712,28073,32980,249,12172,0,47195,24613,82546,2814,106156,19894,28806,171174,29252,2817,86693,4254,38221,170714,67025,2914,34.288
2026-03-13 16:59:53.470000+00:00,0,0,0,16080,0,31684,27986,32948,245,12203,0,47198,24639,82500,2806,106174,19930,28830,171199,29270,2811,86750,4251,38256,170814,67077,2916,34.328
2026-03-13 16:59:53.510000+00:00,0,0,0,15988,0,31567,27763,32812,246,12253,0,47189,24671,82384,2799,106174,19999,28804,171155,29247,2810,86859,4263,38309,170973,67153,2933,34.368
2026-03-13 16:59:53.550000+00:00,0,0,0,15855,0,31395,27491,32619,250,12296,0,47181,24705,82274,2794,106143,20079,28734,171027,29178,2816,86973,4287,38373,171131,67238,2960,34.408
2026-03-13 16:59:53.590000+00:00,0,0,0,15747,0,31241,27303,32465,257,12317,0,47181,24732,82244,2801,106090,20133,28649,170875,29096,2820,87049,4310,38426,171224,67299,2978,34.448
2026-03-13 16:59:53.630000+00:00,0,0,0,15712,0,31170,27263,32414,268,12319,0,47194,24749,82299,2820,106044,20146,28588,170778,29044,2819,87079,4318,38447,171249,67322,2979,34.488
2026-03-13 16:59:53.670000+00:00,0,0,0,15737,0,31191,27336,32456,273,12307,0,47212,24755,82390,2833,106014,20127,28569,170755,29029,2813,87072,4314,38435,171229,67310,2968,34.528
2026-03-13 16:59:53.710000+00:00,0,0,0,15774,0,31258,27435,32528,271,12279,0,47227,24746,82465,2837,105995,20093,28576,170772,29035,2807,87034,4306,38408,171187,67282,2954,34.568
2026-03-13 16:59:53.750000+00:00,0,0,0,15771,0,31318,27502,32576,271,12225,0,47239,24726,82502,2840,105968,20061,28576,170793,29041,2806,86980,4297,38384,171147,67263,2951,34.608
2026-03-13 16:59:53.790000+00:00,0,0,0,15724,0,31334,27520,32584,271,12158,0,47245,24709,82514,2841,105925,20046,28554,170795,29026,2814,86933,4290,38374,171128,67255,2962,34.648
2026-03-13 16:59:53.830000+00:00,0,0,0,15686,0,31302,27511,32565,267,12124,0,47238,24704,82522,2835,105893,20045,28527,170785,28993,2822,86920,4285,38381,171142,67254,2971,34.688
2026-03-13 16:59:53.870000+00:00,0,0,0,15692,0,31264,27513,32548,255,12136,0,47227,24710,82542,2824,105893,20043,28510,170786,28968,2824,86937,4284,38392,171171,67257,2966,34.728
2026-03-13 16:59:53.910000+00:00,0,0,0,15743,0,31269,27545,32562,243,12172,0,47231,24711,82586,2815,105931,20035,28507,170808,28979,2823,86963,4289,38388,171183,67268,2955,34.768
2026-03-13 16:59:53.950000+00:00,0,0,0,15827,0,31335,27605,32622,239,12216,0,47262,24701,82656,2815,106002,20026,28536,170858,29031,2820,86981,4296,38376,171178,67290,2948,34.808
2026-03-13 16:59:53.990000+00:00,0,0,0,15923,0,31435,27688,32705,243,12253,0,47308,24692,82733,2824,106084,20017,28600,170928,29101,2820,86984,4297,38375,171172,67322,2948,34.848
2026-03-13 16:59:54.030000+00:00,0,0,0,16005,0,31523,27775,32778,247,12277,0,47345,24693,82795,2833,106164,20011,28671,170998,29161,2822,86980,4293,38384,171166,67353,2950,34.888
2026-03-13 16:59:54.070000+00:00,0,0,0,16057,0,31579,27844,32826,244,12281,0,47366,24693,82829,2837,106227,20004,28712,171051,29199,2820,86972,4288,38388,171156,67380,2947,34.928
2026-03-13 16:59:54.110000+00:00,0,0,0,16063,0,31615,27893,32854,241,12255,0,47381,24690,82845,2840,106237,19991,28713,171083,29216,2816,86944,4283,38381,171148,67400,2942,34.968
2026-03-13 16:59:54.150000+00:00,0,0,0,16044,0,31640,27939,32871,248,12215,0,47395,24696,82863,2851,106209,19979,28709,171114,29216,2820,86908,4278,38376,171157,67408,2946,35.008
2026-03-13 16:59:54.190000+00:00,0,0,0,16047,0,31656,27986,32883,260,12200,0,47402,24706,82890,2865,106203,19979,28720,171156,29216,2827,86894,4279,38381,171173,67413,2958,35.048
2026-03-13 16:59:54.230000+00:00,0,0,0,16080,0,31680,28028,32903,268,12209,0,47411,24710,82927,2873,106230,19993,28739,171201,29231,2831,86898,4287,38386,171169,67423,2967,35.088
2026-03-13 16:59:54.270000+00:00,0,0,0,16132,0,31726,28078,32944,271,12230,0,47436,24715,82976,2878,106274,20010,28766,171245,29262,2833,86909,4297,38392,171147,67436,2970,35.128
2026-03-13 16:59:54.310000+00:00,0,0,0,16198,0,31791,28146,33005,271,12258,0,47472,24728,83041,2882,106332,20015,28805,171299,29300,2834,86925,4303,38401,171133,67454,2967,35.168
2026-03-13 16:59:54.350000+00:00,0,0,0,16262,0,31860,28216,33075,266,12282,0,47507,24737,83108,2880,106404,20006,28843,171370,29345,2828,86938,4301,38406,171147,67479,2956,35.208
2026-03-13 16:59:54.390000+00:00,0,0,0,16302,0,31911,28255,33132,258,12298,0,47525,24735,83150,2871,106470,19991,28878,171444,29388,2818,86946,4286,38410,171183,67506,2942,35.248
2026-03-13 16:59:54.430000+00:00,0,0,0,16276,0,31900,28210,33132,249,12301,0,47511,24739,83126,2856,106506,19993,28899,171486,29405,2813,86960,4263,38421,171250,67530,2937,35.288
2026-03-13 16:59:54.470000+00:00,0,0,0,16151,0,31787,28034,33029,238,12296,0,47466,24770,83022,2836,106492,20044,28893,171461,29376,2822,87006,4251,38459,171377,67567,2954,35.328
2026-03-13 16:59:54.511000+00:00,0,0,0,15959,0,31593,27760,32839,233,12295,0,47420,24826,82890,2823,106416,20144,28853,171351,29304,2835,87087,4266,38526,171549,67632,2984,35.369
2026-03-13 16:59:54.551000+00:00,0,0,0,15790,0,31398,27509,32644,242,12301,0,47400,24875,82803,2828,106294,20233,28782,171186,29213,2845,87166,4299,38597,171687,67696,3010,35.409
2026-03-13 16:59:54.591000+00:00,0,0,0,15704,0,31278,27384,32534,254,12307,0,47407,24892,82801,2842,106181,20255,28706,171044,29138,2855,87204,4320,38640,171745,67723,3029,35.449
2026-03-13 16:59:54.631000+00:00,0,0,0,15700,0,31257,27388,32534,262,12302,0,47428,24877,82864,2853,106115,20216,28650,170981,29103,2861,87200,4325,38642,171741,67720,3036,35.489
2026-03-13 16:59:54.671000+00:00,0,0,0,15726,0,31299,27458,32589,267,12279,0,47451,24851,82939,2864,106091,20163,28617,170986,29099,2857,87178,4322,38616,171713,67711,3028,35.529
2026-03-13 16:59:54.711000+00:00,0,0,0,15753,0,31347,27529,32631,274,12257,0,47470,24835,82986,2877,106090,20132,28595,171008,29099,2844,87164,4317,38588,171689,67711,3012,35.569
2026-03-13 16:59:54.751000+00:00,0,0,0,15785,0,31361,27559,32634,279,12266,0,47484,24826,83003,2889,106107,20121,28565,171018,29090,2831,87171,4317,38571,171687,67720,2999,35.609
2026-03-13 16:59:54.791000+00:00,0,0,0,15815,0,31334,27541,32609,276,12297,0,47486,24812,83004,2888,106123,20121,28528,171013,29074,2826,87189,4320,38567,171697,67738,2995,35.649
2026-03-13 16:59:54.831000+00:00,0,0,0,15820,0,31288,27515,32581,259,12313,0,47474,24799,83006,2872,106127,20123,28501,170998,29056,2833,87196,4322,38574,171695,67752,2999,35.689
2026-03-13 16:59:54.871000+00:00,0,0,0,15818,0,31265,27529,32579,241,12306,0,47461,24803,83022,2852,106136,20122,28498,170979,29041,2844,87194,4325,38583,171672,67746,3006,35.729
2026-03-13 16:59:54.911000+00:00,0,0,0,15849,0,31296,27603,32620,234,12303,0,47464,24825,83061,2843,106162,20120,28532,170973,29056,2851,87189,4331,38590,171642,67731,3009,35.769
2026-03-13 16:59:54.951000+00:00,0,0,0,15920,0,31384,27714,32702,236,12315,0,47485,24847,83123,2845,106196,20115,28603,171000,29111,2847,87183,4338,38592,171614,67731,3002,35.809
2026-03-13 16:59:54.991000+00:00,0,0,0,15993,0,31496,27823,32796,237,12320,0,47516,24851,83187,2850,106222,20103,28679,171069,29182,2835,87166,4343,38582,171592,67741,2988,35.849
2026-03-13 16:59:55.031000+00:00,0,0,0,16045,0,31598,27907,32870,235,12310,0,47549,24833,83235,2854,106238,20080,28728,171158,29239,2825,87136,4336,38562,171578,67751,2974,35.889
2026-03-13 16:59:55.071000+00:00,0,0,0,16084,0,31666,27967,32916,233,12299,0,47571,24811,83264,2858,106248,20050,28751,171229,29266,2821,87109,4318,38548,171567,67755,2964,35.929
2026-03-13 16:59:55.111000+00:00,0,0,0,16116,0,31695,28011,32937,231,12297,0,47575,24799,83282,2859,106258,20023,28765,171271,29264,2820,87094,4300,38543,171555,67751,2959,35.969
2026-03-13 16:59:55.151000+00:00,0,0,0,16131,0,31709,28042,32946,225,12289,0,47573,24792,83294,2857,106267,20005,28768,171298,29252,2824,87078,4291,38537,171540,67741,2959,36.009
2026-03-13 16:59:55.191000+00:00,0,0,0,16127,0,31720,28073,32958,217,12264,0,47571,24788,83306,2853,106274,19986,28774,171325,29250,2831,87045,4283,38533,171524,67737,2965,36.049
2026-03-13 16:59:55.231000+00:00,0,0,0,16124,0,31735,28117,32985,212,12237,0,47565,24792,83333,2850,106276,19960,28807,171364,29265,2838,87006,4268,38546,171509,67744,2973,36.089
2026-03-13 16:59:55.271000+00:00,0,0,0,16143,0,31768,28172,33034,213,12226,0,47568,24801,83373,2851,106285,19941,28864,171412,29302,2843,86986,4255,38569,171505,67762,2978,36.129
2026-03-13 16:59:55.311000+00:00,0,0,0,16175,0,31815,28208,33083,219,12241,0,47587,24813,83401,2854,106308,19945,28911,171452,29351,2847,87001,4259,38584,171524,67789,2981,36.169
2026-03-13 16:59:55.351000+00:00,0,0,0,16179,0,31822,28158,33081,227,12279,0,47602,24826,83370,2855,106341,19972,28916,171461,29385,2849,87056,4277,38589,171587,67821,2988,36.209
2026-03-13 16:59:55.391000+00:00,0,0,0,16116,0,31737,27969,32984,237,12337,0,47597,24847,83270,2853,106361,20025,28880,171414,29373,2845,87153,4299,38610,171716,67865,3000,36.249
2026-03-13 16:59:55.431000+00:00,0,0,0,15991,0,31570,27690,32809,251,12394,0,47583,24876,83162,2860,106342,20097,28819,171295,29311,2833,87266,4320,38668,171903,67932,3013,36.289
2026-03-13 16:59:55.471000+00:00,0,0,0,15853,0,31397,27449,32638,271,12414,0,47580,24895,83118,2881,106273,20158,28738,171143,29229,2817,87347,4335,38746,172106,68001,3021,36.329
2026-03-13 16:59:55.511000+00:00,0,0,0,15760,0,31300,27349,32551,288,12391,0,47595,24895,83148,2908,106176,20184,28657,171028,29171,2798,87362,4337,38809,172268,68040,3016,36.369
2026-03-13 16:59:55.551000+00:00,0,0,0,15739,0,31300,27398,32561,293,12349,0,47613,24891,83209,2923,106088,20182,28616,170985,29159,2788,87323,4325,38822,172336,68043,3005,36.409
2026-03-13 16:59:55.591000+00:00,0,0,0,15774,0,31358,27524,32627,283,12314,0,47615,24892,83259,2916,106041,20167,28627,170994,29174,2797,87266,4312,38780,172317,68014,3002,36.449
2026-03-13 16:59:55.631000+00:00,0,0,0,15837,0,31420,27632,32697,262,12306,0,47604,24884,83287,2894,106062,20147,28651,171026,29182,2816,87237,4311,38721,172278,67968,3006,36.489
2026-03-13 16:59:55.671000+00:00,0,0,0,15904,0,31447,27673,32738,242,12334,0,47591,24865,83301,2872,106138,20133,28653,171061,29173,2827,87253,4318,38683,172267,67926,3005,36.529
2026-03-13 16:59:55.711000+00:00,0,0,0,15935,0,31430,27667,32748,230,12362,0,47582,24854,83318,2860,106215,20122,28640,171072,29157,2834,87282,4319,38676,172279,67913,3003,36.569
2026-03-13 16:59:55.751000+00:00,0,0,0,15915,0,31396,27654,32739,224,12357,0,47586,24861,83359,2858,106246,20111,28619,171045,29137,2837,87287,4312,38692,172290,67934,3001,36.609
2026-03-13 16:59:55.791000+00:00,0,0,0,15881,0,31368,27658,32720,219,12331,0,47608,24874,83425,2862,106222,20102,28593,171015,29117,2834,87270,4306,38717,172304,67980,2997,36.649
2026-03-13 16:59:55.831000+00:00,0,0,0,15867,0,31368,27690,32709,213,12304,0,47646,24886,83505,2867,106163,20093,28577,171021,29112,2826,87249,4304,38744,172329,68041,2992,36.689
2026-03-13 16:59:55.871000+00:00,0,0,0,15882,0,31410,27761,32726,209,12281,0,47697,24898,83584,2873,106116,20079,28590,171053,29136,2820,87229,4304,38773,172345,68113,2992,36.729
2026-03-13 16:59:55.911000+00:00,0,0,0,15912,0,31489,27848,32772,214,12262,0,47751,24902,83647,2884,106108,20055,28624,171086,29185,2818,87211,4301,38797,172334,68181,2996,36.769
2026-03-13 16:59:55.951000+00:00,0,0,0,15944,0,31567,27916,32822,230,12245,0,47789,24890,83682,2904,106121,20031,28656,171115,29235,2817,87196,4300,38809,172313,68231,3000,36.809
2026-03-13 16:59:55.991000+00:00,0,0,0,15981,0,31608,27955,32852,247,12243,0,47797,24873,83703,2922,106145,20025,28673,171145,29260,2818,87192,4304,38810,172306,68261,3007,36.849
2026-03-13 16:59:56.031000+00:00,0,0,0,16025,0,31612,27975,32867,249,12260,0,47788,24865,83725,2925,106179,20037,28673,171177,29250,2822,87201,4307,38804,172319,68265,3014,36.889
2026-03-13 16:59:56.071000+00:00,0,0,0,16055,0,31600,27984,32872,242,12272,0,47775,24862,83746,2918,106202,20050,28663,171206,29219,2827,87203,4306,38798,172335,68249,3017,36.929
2026-03-13 16:59:56.111000+00:00,0,0,0,16068,0,31588,27991,32872,244,12273,0,47764,24857,83766,2920,106208,20056,28659,171231,29191,2831,87195,4304,38798,172341,68232,3020,36.969
2026-03-13 16:59:56.151000+00:00,0,0,0,16094,0,31591,28000,32882,247,12291,0,47764,24850,83787,2924,106223,20057,28668,171252,29186,2835,87196,4302,38802,172337,68224,3028,37.009
2026-03-13 16:59:56.191000+00:00,0,0,0,16133,0,31612,28002,32902,243,12332,0,47772,24855,83781,2919,106266,20066,28696,171267,29216,2834,87220,4302,38802,172341,68224,3032,37.049
2026-03-13 16:59:56.231000+00:00,0,0,0,16126,0,31623,27950,32897,241,12374,0,47773,24884,83706,2910,106305,20108,28734,171270,29272,2825,87265,4314,38806,172395,68239,3027,37.089
2026-03-13 16:59:56.271000+00:00,0,0,0,16030,0,31581,27797,32825,250,12400,0,47767,24937,83570,2907,106290,20186,28759,171233,29311,2807,87330,4338,38829,172517,68278,3018,37.129
2026-03-13 16:59:56.311000+00:00,0,0,0,15883,0,31474,27579,32694,262,12414,0,47762,24986,83449,2908,106209,20272,28743,171135,29291,2789,87402,4362,38872,172656,68326,3010,37.169
2026-03-13 16:59:56.351000+00:00,0,0,0,15772,0,31344,27402,32575,263,12424,0,47753,25002,83405,2905,106107,20330,28688,171016,29224,2785,87459,4373,38907,172738,68352,3010,37.209
2026-03-13 16:59:56.391000+00:00,0,0,0,15745,0,31262,27344,32532,257,12431,0,47742,24982,83440,2900,106043,20343,28627,170934,29162,2797,87476,4373,38910,172743,68342,3020,37.249
2026-03-13 16:59:56.431000+00:00,0,0,0,15782,0,31261,27396,32564,248,12425,0,47737,24950,83503,2894,106032,20311,28591,170906,29135,2814,87450,4367,38887,172697,68307,3028,37.289
2026-03-13 16:59:56.471000+00:00,0,0,0,15832,0,31310,27496,32622,236,12403,0,47731,24928,83539,2881,106040,20254,28585,170907,29130,2824,87399,4359,38854,172622,68252,3024,37.329
2026-03-13 16:59:56.511000+00:00,0,0,0,15865,0,31355,27582,32658,222,12380,0,47723,24924,83527,2864,106040,20202,28590,170907,29128,2828,87356,4352,38831,172543,68193,3015,37.369
2026-03-13 16:59:56.551000+00:00,0,0,0,15874,0,31374,27625,32663,214,12370,0,47720,24932,83503,2854,106034,20171,28598,170900,29129,2833,87342,4349,38827,172500,68167,3016,37.409
2026-03-13 16:59:56.591000+00:00,0,0,0,15873,0,31373,27632,32659,213,12375,0,47727,24944,83505,2852,106034,20167,28613,170899,29140,2842,87344,4348,38840,172506,68185,3033,37.449
2026-03-13 16:59:56.631000+00:00,0,0,0,15873,0,31367,27629,32659,217,12381,0,47740,24945,83533,2857,106039,20176,28625,170905,29144,2852,87342,4348,38851,172528,68207,3050,37.489
2026-03-13 16:59:56.671000+00:00,0,0,0,15885,0,31362,27636,32661,220,12382,0,47753,24932,83572,2862,106044,20176,28616,170912,29131,2858,87328,4347,38846,172531,68212,3056,37.529
2026-03-13 16:59:56.711000+00:00,0,0,0,15930,0,31373,27668,32673,219,12393,0,47767,24911,83609,2865,106055,20156,28589,170912,29119,2858,87313,4344,38825,172503,68205,3051,37.569
2026-03-13 16:59:56.751000+00:00,0,0,0,16004,0,31404,27725,32698,217,12420,0,47779,24893,83638,2866,106082,20129,28567,170909,29120,2855,87307,4341,38801,172444,68189,3046,37.609
2026-03-13 16:59:56.791000+00:00,0,0,0,16069,0,31440,27792,32729,218,12434,0,47779,24879,83649,2868,106111,20113,28565,170906,29132,2850,87293,4341,38784,172368,68162,3037,37.649
2026-03-13 16:59:56.831000+00:00,0,0,0,16095,0,31471,27848,32750,226,12419,0,47773,24865,83640,2877,106125,20113,28572,170905,29143,2839,87262,4340,38772,172300,68130,3019,37.689
2026-03-13 16:59:56.871000+00:00,0,0,0,16085,0,31500,27882,32752,238,12381,0,47781,24851,83629,2891,106120,20122,28571,170908,29142,2829,87220,4337,38760,172265,68106,3001,37.729
2026-03-13 16:59:56.911000+00:00,0,0,0,16050,0,31527,27899,32749,244,12330,0,47810,24837,83640,2901,106095,20133,28556,170922,29133,2826,87178,4332,38746,172263,68102,2993,37.769
2026-03-13 16:59:56.951000+00:00,0,0,0,16020,0,31544,27912,32756,243,12285,0,47842,24823,83686,2907,106071,20142,28536,170947,29125,2825,87146,4326,38737,172279,68121,2996,37.809
2026-03-13 16:59:56.991000+00:00,0,0,0,16023,0,31551,27928,32782,245,12271,0,47858,24816,83758,2919,106070,20145,28534,170986,29127,2823,87136,4322,38741,172309,68158,3003,37.849
2026-03-13 16:59:57.031000+00:00,0,0,0,16043,0,31560,27943,32822,250,12284,0,47861,24826,83828,2928,106090,20149,28567,171040,29148,2820,87151,4322,38760,172359,68204,3009,37.889
2026-03-13 16:59:57.071000+00:00,0,0,0,16037,0,31568,27919,32852,242,12309,0,47856,24862,83840,2914,106113,20170,28636,171077,29190,2824,87186,4328,38787,172432,68244,3018,37.929
2026-03-13 16:59:57.111000+00:00,0,0,0,15964,0,31536,27800,32823,227,12337,0,47834,24920,83762,2883,106112,20221,28717,171050,29222,2834,87237,4340,38829,172521,68274,3033,37.969
2026-03-13 16:59:57.151000+00:00,0,0,0,15831,0,31429,27591,32708,214,12357,0,47795,24981,83646,2855,106069,20285,28765,170939,29204,2836,87298,4355,38894,172617,68308,3046,38.009
2026-03-13 16:59:57.191000+00:00,0,0,0,15706,0,31290,27390,32561,209,12373,0,47768,25024,83596,2844,105999,20331,28745,170784,29139,2827,87356,4368,38966,172697,68361,3048,38.049
2026-03-13 16:59:57.231000+00:00,0,0,0,15658,0,31197,27295,32468,210,12396,0,47780,25046,83675,2853,105935,20352,28678,170644,29070,2815,87404,4380,39023,172737,68435,3043,38.089
2026-03-13 16:59:57.271000+00:00,0,0,0,15696,0,31187,27310,32455,217,12430,0,47841,25046,83834,2877,105906,20356,28609,170544,29031,2811,87434,4389,39052,172723,68505,3040,38.129
2026-03-13 16:59:57.311000+00:00,0,0,0,15774,0,31227,27378,32487,230,12458,0,47919,25026,83955,2902,105908,20348,28558,170479,29021,2813,87430,4391,39041,172649,68521,3037,38.169
2026-03-13 16:59:57.351000+00:00,0,0,0,15827,0,31265,27443,32521,238,12454,0,47956,24994,83965,2914,105907,20325,28524,170448,29023,2819,87387,4383,38993,172544,68467,3032,38.209
2026-03-13 16:59:57.391000+00:00,0,0,0,15824,0,31282,27477,32548,238,12416,0,47946,24961,83909,2911,105878,20280,28507,170460,29032,2822,87320,4369,38941,172468,68398,3028,38.249
2026-03-13 16:59:57.431000+00:00,0,0,0,15789,0,31288,27482,32579,237,12371,0,47938,24940,83883,2907,105835,20231,28509,170504,29057,2821,87269,4359,38919,172459,68383,3031,38.289
2026-03-13 16:59:57.471000+00:00,0,0,0,15767,0,31297,27480,32612,239,12349,0,47959,24931,83933,2911,105818,20215,28522,170551,29082,2818,87257,4361,38931,172501,68433,3037,38.329
2026-03-13 16:59:57.511000+00:00,0,0,0,15779,0,31307,27494,32638,236,12353,0,47998,24929,84026,2915,105841,20236,28524,170578,29086,2817,87267,4370,38953,172545,68495,3038,38.369
2026-03-13 16:59:57.551000+00:00,0,0,0,15811,0,31328,27535,32655,223,12362,0,48030,24926,84096,2909,105879,20255,28517,170575,29074,2817,87262,4371,38958,172528,68511,3032,38.409
2026-03-13 16:59:57.591000+00:00,0,0,0,15843,0,31364,27600,32670,212,12355,0,48036,24919,84101,2899,105890,20234,28526,170559,29065,2821,87219,4357,38944,172439,68465,3026,38.449
2026-03-13 16:59:57.631000+00:00,0,0,0,15874,0,31408,27675,32692,212,12340,0,48016,24910,84060,2895,105870,20178,28559,170565,29066,2830,87157,4340,38926,172329,68384,3023,38.489
2026-03-13 16:59:57.671000+00:00,0,0,0,15906,0,31444,27743,32720,223,12330,0,47988,24901,84022,2901,105863,20126,28588,170599,29071,2838,87110,4329,38910,172255,68319,3023,38.529
2026-03-13 16:59:57.711000+00:00,0,0,0,15937,0,31464,27794,32743,235,12326,0,47973,24899,84020,2914,105891,20109,28588,170628,29076,2844,87090,4325,38895,172232,68300,3027,38.569
2026-03-13 16:59:57.751000+00:00,0,0,0,15964,0,31474,27828,32759,242,12323,0,47977,24898,84052,2926,105936,20116,28564,170634,29077,2848,87083,4321,38882,172235,68320,3034,38.609
2026-03-13 16:59:57.791000+00:00,0,0,0,15996,0,31486,27846,32771,241,12327,0,47991,24886,84090,2930,105965,20123,28537,170630,29070,2852,87077,4318,38868,172230,68339,3041,38.649
2026-03-13 16:59:57.831000+00:00,0,0,0,16039,0,31502,27863,32786,235,12344,0,47993,24868,84104,2926,105968,20119,28532,170637,29063,2857,87070,4319,38852,172198,68328,3045,38.689
2026-03-13 16:59:57.871000+00:00,0,0,0,16066,0,31515,27883,32806,224,12354,0,47973,24856,84088,2913,105954,20105,28556,170661,29065,2856,87051,4320,38842,172152,68289,3040,38.729
2026-03-13 16:59:57.911000+00:00,0,0,0,16053,0,31524,27875,32824,216,12353,0,47949,24859,84045,2897,105945,20091,28599,170690,29086,2844,87040,4318,38844,172141,68262,3025,38.769
2026-03-13 16:59:57.951000+00:00,0,0,0,15995,0,31518,27785,32813,221,12366,0,47947,24887,83985,2892,105940,20097,28649,170699,29129,2830,87075,4321,38874,172219,68297,3019,38.809
2026-03-13 16:59:57.991000+00:00,0,0,0,15887,0,31465,27602,32746,234,12393,0,47966,24942,83927,2897,105907,20143,28680,170654,29164,2828,87155,4333,38933,172384,68399,3034,38.849
2026-03-13 16:59:58.031000+00:00,0,0,0,15757,0,31348,27394,32632,246,12410,0,47980,24994,83894,2906,105832,20208,28659,170552,29153,2833,87233,4344,38992,172548,68507,3053,38.889
2026-03-13 16:59:58.071000+00:00,0,0,0,15659,0,31209,27262,32531,252,12403,0,47987,25012,83895,2914,105740,20241,28595,170441,29107,2830,87260,4340,39018,172622,68560,3057,38.929
2026-03-13 16:59:58.111000+00:00,0,0,0,15630,0,31118,27249,32500,256,12380,0,48004,24997,83922,2922,105670,20227,28530,170374,29074,2819,87237,4329,39003,172596,68556,3047,38.969
2026-03-13 16:59:58.151000+00:00,0,0,0,15674,0,31126,27313,32535,256,12369,0,48023,24964,83954,2927,105640,20195,28493,170364,29070,2811,87199,4324,38964,172521,68515,3037,39.009
2026-03-13 16:59:58.191000+00:00,0,0,0,15751,0,31216,27389,32592,248,12378,0,48022,24926,83974,2921,105652,20176,28482,170384,29072,2812,87173,4325,38927,172453,68461,3032,39.049
2026-03-13 16:59:58.231000+00:00,0,0,0,15815,0,31293,27437,32630,236,12397,0,47997,24903,83982,2909,105702,20184,28480,170407,29062,2816,87175,4326,38910,172421,68421,3030,39.089
2026-03-13 16:59:58.271000+00:00,0,0,0,15850,0,31305,27454,32639,233,12423,0,47972,24905,83993,2906,105768,20207,28480,170420,29044,2815,87200,4327,38914,172427,68412,3027,39.129
2026-03-13 16:59:58.311000+00:00,0,0,0,15862,0,31283,27460,32629,236,12443,0,47961,24922,84008,2908,105826,20227,28487,170428,29031,2812,87221,4328,38930,172444,68427,3024,39.169
2026-03-13 16:59:58.351000+00:00,0,0,0,15855,0,31263,27471,32611,235,12442,0,47960,24934,84013,2909,105861,20234,28494,170434,29027,2813,87210,4328,38944,172443,68440,3024,39.209
2026-03-13 16:59:58.391000+00:00,0,0,0,15853,0,31260,27495,32606,238,12429,0,47958,24926,84012,2915,105857,20224,28485,170437,29035,2815,87175,4326,38940,172411,68438,3024,39.249
2026-03-13 16:59:58.431000+00:00,0,0,0,15883,0,31287,27537,32634,248,12424,0,47957,24906,84025,2929,105827,20202,28465,170437,29056,2817,87144,4321,38916,172354,68426,3025,39.289
2026-03-13 16:59:58.471000+00:00,0,0,0,15931,0,31340,27599,32692,251,12425,0,47962,24890,84064,2933,105807,20181,28458,170446,29078,2821,87121,4315,38886,172298,68411,3026,39.329
2026-03-13 16:59:58.511000+00:00,0,0,0,15959,0,31391,27664,32753,242,12407,0,47970,24882,84107,2920,105800,20164,28466,170470,29092,2826,87091,4309,38861,172261,68396,3024,39.369
2026-03-13 16:59:58.551000+00:00,0,0,0,15961,0,31428,27715,32789,229,12373,0,47976,24874,84129,2904,105792,20150,28473,170489,29096,2828,87054,4303,38842,172235,68384,3020,39.409
2026-03-13 16:59:58.591000+00:00,0,0,0,15962,0,31450,27746,32797,221,12351,0,47980,24865,84126,2897,105788,20139,28472,170490,29099,2827,87024,4298,38830,172211,68381,3018,39.449
2026-03-13 16:59:58.631000+00:00,0,0,0,15979,0,31460,27767,32797,218,12353,0,47977,24864,84120,2898,105793,20133,28477,170498,29102,2827,87011,4295,38827,172199,68383,3022,39.489
2026-03-13 16:59:58.671000+00:00,0,0,0,15980,0,31463,27774,32803,216,12358,0,47968,24878,84125,2899,105789,20133,28505,170537,29111,2830,87007,4293,38839,172221,68393,3031,39.529
2026-03-13 16:59:58.711000+00:00,0,0,0,15924,0,31451,27725,32797,211,12346,0,47965,24907,84120,2895,105751,20147,28555,170589,29131,2832,87014,4297,38872,172298,68431,3040,39.569
2026-03-13 16:59:58.751000+00:00,0,0,0,15813,0,31406,27593,32741,208,12336,0,47973,24956,84084,2888,105685,20181,28609,170590,29153,2832,87052,4311,38937,172424,68514,3052,39.609
2026-03-13 16:59:58.791000+00:00,0,0,0,15700,0,31324,27417,32634,211,12353,0,47988,25015,84042,2889,105629,20238,28635,170495,29142,2835,87120,4335,39026,172546,68611,3066,39.649
2026-03-13 16:59:58.832000+00:00,0,0,0,15618,0,31238,27285,32536,213,12370,0,48007,25052,84041,2892,105588,20295,28610,170360,29094,2834,87174,4354,39106,172608,68669,3071,39.69
2026-03-13 16:59:58.872000+00:00,0,0,0,15578,0,31202,27247,32514,209,12355,0,48028,25042,84092,2891,105536,20314,28550,170286,29052,2825,87173,4358,39141,172607,68671,3061,39.73
2026-03-13 16:59:58.912000+00:00,0,0,0,15592,0,31234,27293,32570,205,12325,0,48044,24998,84158,2888,105470,20291,28503,170298,29050,2819,87131,4355,39116,172561,68634,3050,39.77
2026-03-13 16:59:58.952000+00:00,0,0,0,15669,0,31295,27382,32653,205,12329,0,48042,24955,84199,2887,105432,20258,28495,170342,29074,2821,87094,4351,39047,172490,68586,3047,39.81
2026-03-13 16:59:58.992000+00:00,0,0,0,15766,0,31336,27457,32705,210,12372,0,48031,24934,84208,2891,105463,20244,28498,170373,29090,2824,87092,4350,38980,172434,68555,3045,39.85
2026-03-13 16:59:59.032000+00:00,0,0,0,15814,0,31339,27480,32707,225,12409,0,48034,24932,84208,2906,105541,20251,28476,170388,29090,2823,87110,4350,38946,172430,68564,3041,39.89
2026-03-13 16:59:59.072000+00:00,0,0,0,15805,0,31315,27464,32681,243,12416,0,48052,24938,84219,2927,105600,20260,28440,170397,29083,2820,87119,4346,38939,172458,68598,3041,39.93
2026-03-13 16:59:59.112000+00:00,0,0,0,15767,0,31282,27451,32651,249,12392,0,48062,24944,84237,2937,105606,20261,28416,170393,29067,2821,87098,4337,38947,172468,68615,3046,39.97
2026-03-13 16:59:59.152000+00:00,0,0,0,15718,0,31267,27464,32644,238,12336,0,48061,24943,84263,2930,105569,20253,28405,170383,29047,2827,87044,4328,38953,172444,68604,3053,40.01
2026-03-13 16:59:59.192000+00:00,0,0,0,15687,0,31302,27511,32678,226,12275,0,48071,24936,84296,2922,105522,20240,28409,170386,29048,2833,86983,4321,38947,172401,68587,3053,40.05
2026-03-13 16:59:59.232000+00:00,0,0,0,15712,0,31380,27589,32742,222,12253,0,48092,24935,84329,2919,105510,20224,28441,170404,29075,2831,86948,4318,38939,172352,68578,3045,40.09
2026-03-13 16:59:59.272000+00:00,0,0,0,15789,0,31455,27682,32806,224,12276,0,48102,24945,84355,2921,105559,20215,28497,170436,29106,2824,86946,4323,38941,172310,68571,3032,40.13
2026-03-13 16:59:59.312000+00:00,0,0,0,15872,0,31499,27757,32850,228,12312,0,48097,24950,84375,2925,105642,20219,28540,170485,29123,2819,86957,4329,38943,172294,68562,3021,40.17
2026-03-13 16:59:59.352000+00:00,0,0,0,15917,0,31524,27791,32869,232,12327,0,48097,24939,84379,2931,105709,20230,28543,170546,29135,2816,86956,4330,38931,172300,68561,3015,40.21
2026-03-13 16:59:59.392000+00:00,0,0,0,15914,0,31537,27785,32866,239,12317,0,48104,24926,84353,2940,105727,20237,28525,170597,29158,2811,86944,4326,38910,172319,68578,3011,40.25
2026-03-13 16:59:59.432000+00:00,0,0,0,15877,0,31523,27728,32835,256,12320,0,48102,24941,84292,2953,105711,20249,28531,170626,29193,2803,86960,4329,38914,172367,68619,3014,40.29
2026-03-13 16:59:59.472000+00:00,0,0,0,15815,0,31462,27587,32760,274,12362,0,48093,24987,84214,2963,105700,20287,28566,170606,29218,2799,87027,4343,38962,172460,68688,3028,40.33
2026-03-13 16:59:59.512000+00:00,0,0,0,15720,0,31349,27374,32641,275,12411,0,48087,25034,84156,2958,105685,20344,28580,170515,29203,2809,87114,4364,39039,172582,68772,3053,40.37
2026-03-13 16:59:59.552000+00:00,0,0,0,15627,0,31219,27190,32526,257,12437,0,48086,25058,84150,2940,105649,20391,28538,170383,29143,2829,87176,4379,39097,172671,68832,3079,40.41
2026-03-13 16:59:59.592000+00:00,0,0,0,15595,0,31137,27124,32467,236,12449,0,48091,25064,84193,2922,105607,20406,28473,170270,29078,2845,87200,4386,39110,172683,68840,3091,40.45
2026-03-13 16:59:59.632000+00:00,0,0,0,15628,0,31132,27172,32478,225,12457,0,48097,25060,84246,2914,105571,20385,28440,170226,29045,2846,87197,4384,39089,172639,68807,3083,40.49
2026-03-13 16:59:59.672000+00:00,0,0,0,15674,0,31178,27261,32530,224,12445,0,48097,25042,84280,2916,105537,20348,28437,170241,29045,2833,87169,4374,39053,172585,68757,3061,40.53
2026-03-13 16:59:59.712000+00:00,0,0,0,15698,0,31222,27336,32582,226,12417,0,48084,25017,84291,2919,105496,20313,28434,170270,29049,2818,87127,4361,39018,172541,68708,3038,40.57
2026-03-13 16:59:59.752000+00:00,0,0,0,15706,0,31228,27375,32607,226,12400,0,48062,25003,84293,2918,105462,20289,28421,170289,29039,2814,87100,4354,39002,172524,68673,3028,40.61
2026-03-13 16:59:59.792000+00:00,0,0,0,15704,0,31205,27374,32605,224,12396,0,48050,24995,84300,2914,105449,20276,28399,170304,29024,2816,87095,4351,39002,172537,68665,3027,40.65
2026-03-13 16:59:59.832000+00:00,0,0,0,15689,0,31186,27355,32593,226,12389,0,48058,24984,84313,2918,105445,20269,28366,170314,29019,2814,87085,4346,39000,172549,68679,3029,40.69
2026-03-13 16:59:59.872000+00:00,0,0,0,15677,0,31190,27349,32586,236,12374,0,48081,24967,84326,2934,105435,20266,28330,170322,29025,2812,87057,4339,38985,172537,68699,3034,40.73
2026-03-13 16:59:59.912000+00:00,0,0,0,15685,0,31229,27384,32608,243,12359,0,48105,24952,84344,2946,105421,20261,28320,170341,29043,2818,87021,4333,38969,172507,68713,3043,40.77
2026-03-13 16:59:59.952000+00:00,0,0,0,15719,0,31291,27457,32666,239,12350,0,48120,24944,84381,2943,105419,20251,28359,170380,29070,2831,86995,4329,38967,172473,68715,3052,40.81
2026-03-13 16:59:59.992000+00:00,0,0,0,15769,0,31353,27540,32735,232,12350,0,48124,24940,84430,2933,105449,20241,28424,170429,29094,2844,86986,4332,38972,172440,68703,3060,40.85
2026-03-13 17:00:00.032000+00:00,0,0,0,15827,0,31399,27603,32783,231,12362,0,48123,24933,84464,2932,105516,20235,28469,170476,29110,2850,86991,4340,38969,172413,68682,3061,40.89
2026-03-13 17:00:00.072000+00:00,0,0,0,15884,0,31426,27639,32802,236,12383,0,48119,24920,84470,2941,105594,20233,28475,170513,29121,2844,86994,4348,38953,172396,68665,3054,40.93
2026-03-13 17:00:00.112000+00:00,0,0,0,15918,0,31441,27662,32801,244,12391,0,48116,24909,84458,2955,105647,20235,28461,170527,29125,2835,86980,4353,38938,172382,68658,3046,40.97
2026-03-13 17:00:00.152000+00:00,0,0,0,15911,0,31452,27684,32798,252,12368,0,48116,24909,84451,2968,105663,20230,28447,170518,29124,2833,86946,4355,38927,172363,68658,3046,41.01
2026-03-13 17:00:00.192000+00:00,0,0,0,15880,0,31462,27703,32808,255,12326,0,48118,24910,84458,2974,105642,20212,28438,170520,29128,2837,86908,4344,38916,172354,68663,3052,41.05
2026-03-13 17:00:00.232000+00:00,0,0,0,15847,0,31475,27700,32825,256,12296,0,48120,24913,84464,2974,105590,20193,28452,170554,29153,2836,86887,4325,38916,172382,68684,3054,41.09
2026-03-13 17:00:00.272000+00:00,0,0,0,15798,0,31475,27640,32822,263,12294,0,48124,24937,84441,2975,105539,20204,28501,170595,29201,2823,86900,4316,38948,172459,68732,3051,41.13
2026-03-13 17:00:00.312000+00:00,0,0,0,15727,0,31430,27492,32753,274,12336,0,48134,24987,84373,2976,105523,20255,28552,170586,29240,2808,86966,4329,39010,172581,68814,3055,41.17
2026-03-13 17:00:00.352000+00:00,0,0,0,15653,0,31332,27284,32615,277,12412,0,48149,25040,84286,2974,105531,20326,28551,170484,29228,2801,87071,4360,39073,172698,68904,3068,41.21
2026-03-13 17:00:00.392000+00:00,0,0,0,15598,0,31220,27111,32478,269,12473,0,48170,25070,84245,2966,105518,20375,28488,170320,29169,2804,87154,4391,39109,172751,68961,3080,41.25
2026-03-13 17:00:00.432000+00:00,0,0,0,15578,0,31151,27043,32413,261,12494,0,48193,25073,84280,2961,105470,20384,28403,170184,29108,2809,87180,4405,39110,172740,68972,3082,41.29
2026-03-13 17:00:00.472000+00:00,0,0,0,15594,0,31141,27066,32425,261,12488,0,48208,25054,84351,2967,105419,20360,28342,170128,29075,2808,87163,4400,39088,172700,68951,3075,41.33
2026-03-13 17:00:00.512000+00:00,0,0,0,15632,0,31159,27126,32468,266,12476,0,48196,25021,84394,2979,105390,20318,28322,170136,29063,2804,87137,4385,39062,172653,68907,3066,41.37
2026-03-13 17:00:00.552000+00:00,0,0,0,15666,0,31170,27184,32501,270,12465,0,48163,24997,84397,2984,105376,20276,28335,170165,29054,2807,87123,4369,39049,172614,68850,3063,41.41
2026-03-13 17:00:00.592000+00:00,0,0,0,15667,0,31162,27225,32513,269,12443,0,48133,24997,84389,2980,105368,20251,28349,170190,29036,2816,87113,4357,39052,172597,68805,3067,41.45
2026-03-13 17:00:00.632000+00:00,0,0,0,15637,0,31138,27246,32517,264,12414,0,48117,25011,84400,2971,105366,20246,28347,170210,29017,2823,87095,4346,39059,172604,68787,3071,41.49
2026-03-13 17:00:00.672000+00:00,0,0,0,15622,0,31114,27258,32524,250,12401,0,48108,25016,84421,2955,105379,20245,28335,170226,29008,2828,87081,4337,39059,172609,68783,3073,41.53
2026-03-13 17:00:00.712000+00:00,0,0,0,15636,0,31106,27279,32539,233,12405,0,48103,25007,84438,2939,105403,20231,28322,170241,29010,2828,87075,4328,39044,172595,68775,3068,41.57
2026-03-13 17:00:00.752000+00:00,0,0,0,15657,0,31131,27328,32569,227,12397,0,48104,24999,84454,2936,105420,20210,28324,170273,29027,2820,87058,4322,39020,172573,68764,3052,41.61
2026-03-13 17:00:00.792000+00:00,0,0,0,15674,0,31193,27402,32619,234,12372,0,48118,25000,84479,2948,105419,20199,28345,170313,29062,2808,87021,4319,38998,172546,68760,3033,41.65
2026-03-13 17:00:00.832000+00:00,0,0,0,15698,0,31274,27481,32674,241,12349,0,48140,25004,84501,2956,105410,20210,28368,170331,29094,2804,86982,4321,38977,172504,68752,3022,41.69
2026-03-13 17:00:00.872000+00:00,0,0,0,15731,0,31337,27543,32714,237,12340,0,48149,25005,84507,2948,105415,20238,28380,170330,29104,2814,86954,4330,38958,172461,68728,3027,41.73
2026-03-13 17:00:00.912000+00:00,0,0,0,15762,0,31359,27580,32737,229,12339,0,48128,24997,84494,2937,105440,20266,28386,170346,29093,2829,86936,4340,38943,172444,68693,3038,41.77
2026-03-13 17:00:00.952000+00:00,0,0,0,15779,0,31351,27599,32748,227,12334,0,48091,24983,84475,2937,105465,20276,28388,170386,29077,2833,86918,4343,38928,172456,68661,3043,41.81
2026-03-13 17:00:00.992000+00:00,0,0,0,15780,0,31344,27614,32755,235,12318,0,48063,24967,84457,2948,105460,20263,28387,170430,29067,2821,86895,4335,38911,172471,68634,3033,41.85
2026-03-13 17:00:01.032000+00:00,0,0,0,15777,0,31358,27637,32764,245,12295,0,48054,24954,84447,2960,105432,20238,28389,170462,29074,2805,86868,4325,38894,172466,68616,3019,41.89
2026-03-13 17:00:01.072000+00:00,0,0,0,15798,0,31393,27673,32789,247,12287,0,48058,24942,84454,2964,105425,20226,28399,170489,29105,2803,86853,4324,38876,172444,68607,3015,41.93
2026-03-13 17:00:01.112000+00:00,0,0,0,15853,0,31444,27724,32837,246,12304,0,48070,24937,84487,2963,105474,20237,28421,170522,29148,2813,86858,4332,38862,172421,68613,3019,41.97
2026-03-13 17:00:01.152000+00:00,0,0,0,15922,0,31508,27785,32900,247,12333,0,48093,24938,84539,2967,105551,20251,28454,170564,29191,2819,86870,4338,38857,172406,68630,3022,42.01
2026-03-13 17:00:01.192000+00:00,0,0,0,15981,0,31573,27845,32966,246,12354,0,48117,24937,84596,2969,105613,20249,28496,170622,29224,2821,86871,4336,38862,172393,68643,3025,42.05
2026-03-13 17:00:01.232000+00:00,0,0,0,16031,0,31629,27899,33023,241,12370,0,48133,24937,84642,2965,105648,20226,28545,170686,29246,2828,86863,4331,38873,172379,68643,3031,42.09
2026-03-13 17:00:01.272000+00:00,0,0,0,16059,0,31676,27935,33060,242,12381,0,48149,24944,84656,2963,105669,20196,28586,170736,29265,2837,86849,4324,38876,172368,68639,3038,42.13
2026-03-13 17:00:01.312000+00:00,0,0,0,16032,0,31693,27906,33054,250,12381,0,48165,24962,84621,2966,105672,20175,28610,170759,29286,2843,86842,4320,38868,172392,68657,3048,42.17
2026-03-13 17:00:01.352000+00:00,0,0,0,15926,0,31633,27763,32982,252,12380,0,48165,25001,84553,2961,105651,20184,28629,170743,29301,2842,86868,4327,38876,172503,68727,3061,42.21
2026-03-13 17:00:01.392000+00:00,0,0,0,15774,0,31493,27518,32839,240,12398,0,48158,25052,84481,2943,105603,20238,28637,170662,29290,2835,86943,4350,38934,172681,68840,3075,42.25
2026-03-13 17:00:01.432000+00:00,0,0,0,15640,0,31336,27277,32671,225,12427,0,48167,25094,84430,2927,105527,20308,28604,170515,29242,2825,87029,4371,39026,172822,68933,3080,42.29
2026-03-13 17:00:01.472000+00:00,0,0,0,15560,0,31228,27154,32555,223,12433,0,48182,25117,84420,2928,105438,20344,28539,170367,29180,2813,87071,4375,39092,172861,68961,3072,42.33
2026-03-13 17:00:01.512000+00:00,0,0,0,15528,0,31191,27164,32528,236,12409,0,48184,25122,84445,2946,105352,20343,28480,170277,29141,2809,87055,4375,39100,172819,68935,3062,42.37
2026-03-13 17:00:01.552000+00:00,0,0,0,15536,0,31211,27237,32558,256,12377,0,48179,25107,84472,2969,105282,20331,28435,170246,29127,2812,87014,4377,39068,172749,68890,3060,42.41
2026-03-13 17:00:01.592000+00:00,0,0,0,15571,0,31245,27305,32600,265,12362,0,48172,25082,84485,2978,105252,20317,28399,170252,29116,2819,86985,4377,39027,172690,68843,3062,42.45
2026-03-13 17:00:01.632000+00:00,0,0,0,15606,0,31260,27338,32626,258,12363,0,48162,25056,84483,2966,105269,20302,28371,170282,29100,2824,86978,4368,38999,172670,68808,3061,42.49
2026-03-13 17:00:01.672000+00:00,0,0,0,15614,0,31253,27337,32632,248,12360,0,48158,25037,84475,2951,105291,20288,28356,170322,29098,2823,86978,4352,38991,172689,68806,3056,42.53
2026-03-13 17:00:01.712000+00:00,0,0,0,15593,0,31232,27330,32626,248,12344,0,48155,25032,84478,2951,105279,20270,28358,170350,29109,2811,86972,4337,39001,172718,68830,3047,42.57
2026-03-13 17:00:01.752000+00:00,0,0,0,15579,0,31209,27336,32622,258,12332,0,48147,25032,84502,2965,105251,20250,28364,170366,29106,2799,86965,4331,39016,172730,68843,3039,42.61
2026-03-13 17:00:01.792000+00:00,0,0,0,15610,0,31203,27359,32626,269,12347,0,48143,25024,84531,2984,105260,20231,28360,170382,29092,2796,86969,4329,39021,172720,68838,3035,42.65
2026-03-13 17:00:01.832000+00:00,0,0,0,15670,0,31226,27400,32641,271,12372,0,48147,25011,84554,2993,105310,20219,28356,170403,29095,2798,86971,4324,39014,172703,68833,3034,42.69
2026-03-13 17:00:01.872000+00:00,0,0,0,15726,0,31266,27456,32673,258,12385,0,48156,25006,84581,2983,105368,20224,28359,170418,29112,2803,86965,4322,39002,172686,68834,3037,42.73
2026-03-13 17:00:01.912000+00:00,0,0,0,15780,0,31305,27517,32712,238,12398,0,48165,25015,84614,2964,105425,20248,28357,170415,29113,2816,86968,4329,38986,172664,68826,3046,42.77
2026-03-13 17:00:01.952000+00:00,0,0,0,15823,0,31332,27570,32742,227,12409,0,48171,25030,84641,2952,105464,20276,28336,170409,29090,2828,86975,4339,38962,172646,68802,3056,42.81
2026-03-13 17:00:01.992000+00:00,0,0,0,15829,0,31338,27604,32757,225,12396,0,48164,25035,84651,2950,105459,20289,28310,170417,29063,2831,86956,4346,38938,172640,68770,3056,42.85
2026-03-13 17:00:02.032000+00:00,0,0,0,15810,0,31324,27622,32762,226,12364,0,48135,25024,84646,2952,105422,20282,28303,170432,29046,2823,86912,4346,38926,172635,68741,3045,42.89
2026-03-13 17:00:02.072000+00:00,0,0,0,15800,0,31309,27630,32769,227,12340,0,48103,25003,84642,2952,105393,20266,28316,170453,29042,2815,86873,4343,38923,172632,68724,3031,42.93
2026-03-13 17:00:02.112000+00:00,0,0,0,15810,0,31317,27646,32787,226,12333,0,48094,24987,84659,2953,105390,20255,28332,170496,29049,2814,86857,4344,38922,172648,68730,3028,42.97
2026-03-13 17:00:02.152000+00:00,0,0,0,15828,0,31355,27677,32825,228,12330,0,48114,24983,84700,2957,105406,20251,28352,170562,29074,2823,86859,4348,38925,172680,68758,3036,43.01
2026-03-13 17:00:02.192000+00:00,0,0,0,15829,0,31408,27698,32875,232,12323,0,48144,24993,84737,2961,105425,20251,28391,170635,29127,2831,86869,4347,38939,172725,68805,3044,43.05
2026-03-13 17:00:02.232000+00:00,0,0,0,15799,0,31435,27662,32901,237,12329,0,48161,25024,84736,2962,105443,20271,28460,170691,29196,2831,86903,4344,38977,172807,68878,3051,43.09
2026-03-13 17:00:02.272000+00:00,0,0,0,15740,0,31396,27541,32853,242,12369,0,48160,25086,84692,2961,105468,20330,28538,170688,29245,2823,86982,4354,39049,172940,68974,3058,43.13
2026-03-13 17:00:02.312000+00:00,0,0,0,15660,0,31299,27365,32733,245,12419,0,48157,25152,84634,2961,105484,20409,28577,170598,29238,2813,87074,4372,39129,173076,69066,3066,43.17
2026-03-13 17:00:02.352000+00:00,0,0,0,15574,0,31202,27220,32610,244,12434,0,48171,25182,84610,2959,105467,20469,28549,170473,29184,2808,87124,4385,39180,173148,69114,3073,43.21
2026-03-13 17:00:02.392000+00:00,0,0,0,15514,0,31159,27172,32553,237,12406,0,48202,25173,84637,2954,105408,20480,28488,170388,29127,2814,87113,4387,39186,173143,69113,3084,43.25
2026-03-13 17:00:02.432000+00:00,0,0,0,15503,0,31179,27216,32569,230,12368,0,48230,25150,84689,2952,105330,20438,28440,170349,29102,2829,87071,4382,39162,173084,69084,3096,43.29
2026-03-13 17:00:02.472000+00:00,0,0,0,15536,0,31224,27296,32619,228,12345,0,48236,25126,84719,2955,105277,20376,28423,170330,29105,2839,87032,4374,39131,173003,69044,3097,43.33
2026-03-13 17:00:02.512000+00:00,0,0,0,15578,0,31252,27350,32662,226,12341,0,48217,25099,84714,2955,105262,20326,28421,170329,29114,2834,87010,4371,39106,172937,69001,3082,43.37
2026-03-13 17:00:02.552000+00:00,0,0,0,15611,0,31252,27363,32685,220,12353,0,48197,25077,84704,2950,105268,20297,28420,170343,29118,2822,87004,4376,39096,172908,68979,3064,43.41
2026-03-13 17:00:02.592000+00:00,0,0,0,15632,0,31245,27358,32697,216,12371,0,48203,25071,84725,2947,105279,20283,28415,170365,29125,2820,87010,4383,39102,172913,68998,3063,43.45
2026-03-13 17:00:02.632000+00:00,0,0,0,15643,0,31245,27362,32704,218,12380,0,48236,25078,84790,2954,105286,20281,28411,170385,29129,2834,87013,4388,39123,172937,69048,3081,43.49
2026-03-13 17:00:02.672000+00:00,0,0,0,15644,0,31247,27389,32708,224,12371,0,48272,25088,84868,2965,105288,20280,28412,170404,29121,2854,87001,4386,39147,172956,69089,3103,43.53
2026-03-13 17:00:02.712000+00:00,0,0,0,15653,0,31258,27435,32713,228,12354,0,48290,25088,84913,2975,105298,20266,28408,170424,29109,2862,86972,4376,39149,172940,69089,3111,43.57
2026-03-13 17:00:02.752000+00:00,0,0,0,15679,0,31283,27487,32723,230,12344,0,48290,25072,84914,2984,105335,20235,28394,170451,29110,2853,86936,4357,39124,172887,69053,3101,43.61
2026-03-13 17:00:02.792000+00:00,0,0,0,15698,0,31310,27537,32735,232,12326,0,48279,25053,84896,2992,105377,20195,28383,170486,29120,2837,86897,4334,39096,172837,69016,3081,43.65
2026-03-13 17:00:02.832000+00:00,0,0,0,15702,0,31323,27581,32742,242,12299,0,48266,25048,84887,3004,105391,20162,28382,170510,29124,2821,86864,4319,39084,172818,69003,3062,43.69
2026-03-13 17:00:02.872000+00:00,0,0,0,15726,0,31325,27613,32742,258,12296,0,48255,25046,84888,3020,105393,20156,28380,170515,29123,2809,86856,4318,39081,172811,69011,3051,43.73
2026-03-13 17:00:02.912000+00:00,0,0,0,15787,0,31327,27634,32742,270,12331,0,48246,25037,84883,3033,105422,20171,28378,170511,29118,2802,86876,4329,39074,172793,69017,3048,43.77
2026-03-13 17:00:02.952000+00:00,0,0,0,15849,0,31334,27657,32748,273,12369,0,48234,25025,84871,3036,105469,20184,28386,170526,29109,2803,86891,4338,39064,172766,69002,3049,43.81
2026-03-13 17:00:02.992000+00:00,0,0,0,15873,0,31352,27687,32764,274,12372,0,48226,25022,84870,3037,105495,20175,28410,170564,29107,2810,86875,4338,39060,172750,68984,3051,43.85
2026-03-13 17:00:03.032000+00:00,0,0,0,15859,0,31384,27710,32791,275,12352,0,48238,25038,84892,3039,105493,20149,28452,170602,29136,2813,86854,4334,39078,172763,69006,3054,43.89
2026-03-13 17:00:03.072000+00:00,0,0,0,15820,0,31414,27678,32807,275,12350,0,48277,25078,84921,3039,105478,20138,28512,170619,29200,2812,86869,4336,39127,172829,69101,3064,43.93
2026-03-13 17:00:03.112000+00:00,0,0,0,15740,0,31403,27546,32766,272,12372,0,48327,25133,84920,3034,105453,20162,28572,170591,29261,2809,86927,4351,39203,172954,69248,3082,43.97
2026-03-13 17:00:03.152000+00:00,0,0,0,15616,0,31323,27346,32657,257,12389,0,48357,25187,84893,3016,105407,20202,28593,170507,29257,2809,86988,4373,39282,173093,69373,3103,44.01
2026-03-13 17:00:03.192000+00:00,0,0,0,15506,0,31205,27178,32536,237,12389,0,48359,25214,84870,2991,105357,20230,28556,170397,29188,2810,87025,4388,39325,173172,69417,3117,44.05
2026-03-13 17:00:03.232000+00:00,0,0,0,15477,0,31120,27112,32465,222,12398,0,48345,25207,84850,2974,105336,20243,28479,170306,29113,2807,87040,4391,39307,173154,69375,3112,44.09
2026-03-13 17:00:03.272000+00:00,0,0,0,15532,0,31093,27135,32457,215,12427,0,48319,25177,84824,2967,105350,20252,28407,170263,29067,2800,87048,4387,39247,173077,69281,3093,44.13
2026-03-13 17:00:03.312000+00:00,0,0,0,15605,0,31097,27194,32488,214,12450,0,48275,25141,84794,2962,105375,20258,28365,170267,29042,2803,87047,4378,39180,173005,69170,3079,44.17
2026-03-13 17:00:03.352000+00:00,0,0,0,15640,0,31117,27247,32527,215,12438,0,48234,25107,84758,2958,105381,20260,28345,170296,29032,2815,87023,4364,39124,172960,69077,3076,44.21
2026-03-13 17:00:03.392000+00:00,0,0,0,15627,0,31158,27290,32562,219,12394,0,48225,25093,84722,2957,105361,20261,28341,170324,29047,2825,86984,4352,39086,172937,69031,3077,44.25
2026-03-13 17:00:03.432000+00:00,0,0,0,15598,0,31208,27330,32595,227,12349,0,48243,25105,84711,2961,105330,20260,28361,170326,29087,2827,86957,4345,39073,172924,69034,3076,44.29
2026-03-13 17:00:03.472000+00:00,0,0,0,15579,0,31239,27368,32623,233,12322,0,48258,25129,84734,2967,105296,20250,28393,170297,29121,2825,86946,4338,39081,172903,69057,3075,44.33
2026-03-13 17:00:03.513000+00:00,0,0,0,15586,0,31244,27404,32638,233,12316,0,48260,25139,84778,2973,105267,20227,28414,170261,29128,2822,86936,4331,39096,172866,69072,3076,44.371
2026-03-13 17:00:03.553000+00:00,0,0,0,15635,0,31248,27438,32643,237,12339,0,48268,25124,84821,2984,105260,20193,28414,170252,29119,2821,86924,4329,39105,172822,69076,3080,44.411
2026-03-13 17:00:03.593000+00:00,0,0,0,15717,0,31269,27475,32651,244,12383,0,48285,25095,84850,3000,105281,20161,28409,170272,29115,2828,86918,4336,39104,172780,69077,3086,44.451
2026-03-13 17:00:03.633000+00:00,0,0,0,15788,0,31297,27523,32666,250,12409,0,48296,25074,84862,3013,105316,20136,28411,170301,29119,2840,86906,4344,39097,172740,69071,3093,44.491
2026-03-13 17:00:03.673000+00:00,0,0,0,15810,0,31325,27571,32687,255,12392,0,48303,25064,84869,3023,105347,20112,28411,170322,29127,2846,86872,4345,39083,172698,69061,3097,44.531
2026-03-13 17:00:03.713000+00:00,0,0,0,15804,0,31353,27603,32715,258,12358,0,48312,25050,84885,3029,105367,20084,28408,170347,29138,2837,86827,4340,39065,172665,69057,3090,44.571
2026-03-13 17:00:03.753000+00:00,0,0,0,15809,0,31378,27622,32746,256,12340,0,48322,25028,84910,3028,105396,20056,28409,170386,29149,2821,86794,4336,39047,172650,69055,3077,44.611
2026-03-13 17:00:03.793000+00:00,0,0,0,15812,0,31402,27644,32773,252,12321,0,48326,25008,84933,3024,105429,20033,28423,170433,29157,2811,86762,4329,39037,172643,69046,3070,44.651
2026-03-13 17:00:03.833000+00:00,0,0,0,15805,0,31421,27683,32800,246,12292,0,48317,25005,84955,3013,105437,20020,28449,170476,29161,2814,86724,4314,39035,172630,69032,3070,44.691
2026-03-13 17:00:03.873000+00:00,0,0,0,15817,0,31436,27737,32831,238,12281,0,48302,25024,84977,3001,105430,20021,28484,170508,29167,2816,86707,4303,39043,172616,69026,3069,44.731
2026-03-13 17:00:03.913000+00:00,0,0,0,15849,0,31451,27771,32855,237,12304,0,48290,25054,84977,2998,105446,20041,28527,170535,29193,2814,86727,4311,39056,172625,69038,3063,44.771
2026-03-13 17:00:03.953000+00:00,0,0,0,15856,0,31453,27719,32844,247,12350,0,48284,25086,84924,3002,105485,20080,28575,170562,29242,2814,86786,4333,39078,172695,69083,3067,44.811
2026-03-13 17:00:03.993000+00:00,0,0,0,15804,0,31412,27549,32772,252,12407,0,48283,25120,84830,3000,105507,20137,28611,170557,29278,2821,86874,4360,39122,172829,69166,3089,44.851
2026-03-13 17:00:04.033000+00:00,0,0,0,15712,0,31310,27322,32643,245,12459,0,48288,25157,84749,2988,105484,20190,28609,170479,29260,2830,86960,4381,39188,172971,69259,3120,44.891
2026-03-13 17:00:04.073000+00:00,0,0,0,15614,0,31184,27149,32510,236,12475,0,48299,25182,84741,2982,105408,20204,28562,170350,29188,2833,87003,4388,39251,173046,69324,3139,44.931
2026-03-13 17:00:04.113000+00:00,0,0,0,15536,0,31094,27085,32431,231,12444,0,48320,25180,84808,2986,105303,20167,28495,170231,29103,2831,86987,4381,39285,173034,69343,3140,44.971
2026-03-13 17:00:04.153000+00:00,0,0,0,15502,0,31064,27097,32404,228,12401,0,48346,25153,84887,2992,105203,20111,28432,170156,29040,2825,86939,4370,39285,172964,69329,3130,45.011
2026-03-13 17:00:04.193000+00:00,0,0,0,15530,0,31082,27140,32405,229,12390,0,48370,25118,84930,3000,105142,20068,28384,170119,29012,2819,86900,4365,39258,172875,69302,3117,45.051
2026-03-13 17:00:04.233000+00:00,0,0,0,15598,0,31120,27191,32431,232,12415,0,48384,25098,84941,3006,105158,20055,28365,170109,29021,2819,86891,4366,39227,172806,69286,3110,45.091
2026-03-13 17:00:04.273000+00:00,0,0,0,15665,0,31157,27248,32482,233,12445,0,48385,25104,84948,3007,105237,20062,28387,170127,29060,2822,86902,4365,39214,172779,69287,3109,45.131
2026-03-13 17:00:04.313000+00:00,0,0,0,15706,0,31195,27304,32532,236,12461,0,48380,25125,84948,3008,105311,20069,28432,170150,29112,2823,86910,4359,39218,172774,69297,3108,45.171
2026-03-13 17:00:04.353000+00:00,0,0,0,15723,0,31230,27342,32558,243,12457,0,48377,25132,84930,3013,105347,20068,28458,170155,29147,2821,86902,4351,39211,172756,69292,3103,45.211
2026-03-13 17:00:04.393000+00:00,0,0,0,15727,0,31250,27365,32565,251,12436,0,48368,25112,84902,3018,105356,20064,28451,170155,29148,2815,86874,4345,39180,172718,69254,3092,45.251
2026-03-13 17:00:04.433000+00:00,0,0,0,15723,0,31259,27392,32570,259,12400,0,48349,25079,84878,3024,105345,20058,28423,170174,29125,2805,86829,4340,39133,172675,69187,3080,45.291
2026-03-13 17:00:04.473000+00:00,0,0,0,15718,0,31271,27436,32585,265,12358,0,48325,25054,84866,3029,105318,20049,28401,170205,29096,2800,86780,4331,39093,172642,69116,3074,45.331
2026-03-13 17:00:04.513000+00:00,0,0,0,15717,0,31286,27489,32609,257,12319,0,48300,25040,84872,3023,105291,20036,28398,170233,29077,2806,86742,4320,39070,172628,69064,3073,45.371
2026-03-13 17:00:04.553000+00:00,0,0,0,15728,0,31306,27528,32637,244,12295,0,48281,25023,84875,3011,105279,20019,28404,170260,29079,2814,86718,4312,39052,172625,69035,3073,45.411
2026-03-13 17:00:04.593000+00:00,0,0,0,15753,0,31339,27555,32663,244,12287,0,48272,24999,84851,3010,105283,20006,28404,170287,29099,2818,86699,4309,39021,172612,69016,3071,45.451
2026-03-13 17:00:04.633000+00:00,0,0,0,15791,0,31380,27587,32690,255,12294,0,48267,24982,84814,3019,105309,20005,28405,170316,29124,2817,86685,4310,38982,172582,68989,3068,45.491
2026-03-13 17:00:04.673000+00:00,0,0,0,15836,0,31407,27631,32721,263,12310,0,48252,24981,84802,3025,105356,20009,28424,170344,29140,2817,86683,4311,38963,172547,68961,3067,45.531
2026-03-13 17:00:04.713000+00:00,0,0,0,15881,0,31418,27675,32751,266,12325,0,48233,24983,84821,3029,105402,20015,28454,170361,29150,2821,86685,4314,38965,172517,68946,3068,45.571
2026-03-13 17:00:04.753000+00:00,0,0,0,15915,0,31433,27710,32776,273,12330,0,48229,24977,84846,3037,105414,20023,28466,170375,29160,2822,86675,4324,38967,172494,68941,3068,45.611
2026-03-13 17:00:04.793000+00:00,0,0,0,15942,0,31461,27740,32798,274,12330,0,48238,24969,84861,3039,105406,20035,28462,170403,29166,2825,86661,4340,38956,172476,68934,3067,45.651
2026-03-13 17:00:04.833000+00:00,0,0,0,15968,0,31492,27761,32821,262,12345,0,48244,24975,84865,3025,105421,20058,28476,170445,29173,2827,86664,4355,38952,172478,68928,3065,45.691
2026-03-13 17:00:04.873000+00:00,0,0,0,15957,0,31502,27729,32834,244,12371,0,48247,25007,84856,3002,105454,20095,28523,170477,29197,2824,86692,4362,38975,172534,68956,3064,45.731
2026-03-13 17:00:04.913000+00:00,0,0,0,15871,0,31467,27591,32794,237,12397,0,48264,25062,84827,2987,105463,20143,28577,170464,29229,2816,86751,4362,39033,172663,69042,3074,45.771
2026-03-13 17:00:04.953000+00:00,0,0,0,15731,0,31371,27378,32686,239,12415,0,48287,25119,84785,2982,105425,20195,28593,170388,29225,2814,86826,4361,39108,172821,69151,3094,45.811
2026-03-13 17:00:04.993000+00:00,0,0,0,15612,0,31255,27194,32561,239,12422,0,48303,25149,84757,2979,105359,20236,28552,170275,29174,2817,86884,4363,39162,172922,69219,3109,45.851
2026-03-13 17:00:05.033000+00:00,0,0,0,15568,0,31185,27118,32480,240,12427,0,48320,25147,84755,2981,105300,20250,28483,170165,29109,2813,86909,4366,39175,172928,69217,3106,45.891
2026-03-13 17:00:05.073000+00:00,0,0,0,15591,0,31169,27145,32458,241,12432,0,48331,25131,84775,2984,105279,20231,28437,170092,29058,2805,86903,4367,39166,172868,69163,3092,45.931
2026-03-13 17:00:05.113000+00:00,0,0,0,15640,0,31173,27219,32484,236,12434,0,48314,25112,84803,2980,105287,20194,28428,170079,29031,2806,86877,4360,39151,172798,69098,3081,45.971
2026-03-13 17:00:05.153000+00:00,0,0,0,15673,0,31180,27285,32535,229,12424,0,48283,25094,84823,2973,105295,20153,28433,170114,29039,2807,86842,4348,39128,172758,69059,3072,46.011
2026-03-13 17:00:05.193000+00:00,0,0,0,15678,0,31198,27321,32590,229,12402,0,48267,25082,84835,2974,105287,20124,28442,170161,29084,2804,86815,4344,39103,172759,69067,3066,46.051
2026-03-13 17:00:05.233000+00:00,0,0,0,15666,0,31228,27327,32629,241,12379,0,48277,25076,84847,2985,105265,20119,28462,170186,29137,2804,86803,4345,39094,172785,69107,3070,46.091
2026-03-13 17:00:05.273000+00:00,0,0,0,15648,0,31265,27326,32642,250,12355,0,48304,25071,84855,2996,105231,20131,28478,170181,29163,2815,86790,4341,39099,172802,69143,3082,46.131
2026-03-13 17:00:05.313000+00:00,0,0,0,15645,0,31299,27338,32642,244,12338,0,48330,25063,84859,2989,105205,20142,28470,170159,29152,2827,86767,4337,39093,172790,69141,3092,46.171
2026-03-13 17:00:05.353000+00:00,0,0,0,15669,0,31320,27371,32647,229,12335,0,48336,25050,84863,2974,105215,20152,28438,170136,29114,2833,86747,4339,39069,172751,69098,3092,46.211
2026-03-13 17:00:05.393000+00:00,0,0,0,15697,0,31319,27418,32662,220,12326,0,48308,25035,84867,2966,105247,20160,28412,170132,29073,2835,86732,4342,39042,172705,69041,3087,46.251
2026-03-13 17:00:05.433000+00:00,0,0,0,15714,0,31308,27468,32679,219,12302,0,48263,25021,84869,2967,105265,20164,28417,170153,29050,2838,86712,4341,39028,172671,68999,3082,46.291
2026-03-13 17:00:05.473000+00:00,0,0,0,15725,0,31312,27519,32701,220,12281,0,48234,25017,84875,2970,105249,20161,28439,170180,29051,2841,86685,4339,39025,172647,68985,3080,46.331
2026-03-13 17:00:05.513000+00:00,0,0,0,15737,0,31339,27570,32731,223,12268,0,48234,25023,84895,2976,105217,20146,28456,170196,29073,2840,86655,4336,39022,172624,68993,3079,46.371
2026-03-13 17:00:05.553000+00:00,0,0,0,15752,0,31382,27624,32765,234,12259,0,48249,25036,84912,2988,105194,20116,28462,170199,29106,2836,86622,4326,39010,172590,69004,3076,46.411
2026-03-13 17:00:05.593000+00:00,0,0,0,15768,0,31434,27672,32793,252,12253,0,48277,25044,84913,3005,105187,20085,28459,170201,29142,2827,86591,4313,38989,172548,69011,3072,46.451
2026-03-13 17:00:05.633000+00:00,0,0,0,15784,0,31487,27696,32810,261,12257,0,48315,25041,84914,3014,105196,20068,28450,170213,29174,2816,86573,4307,38969,172523,69023,3067,46.491
2026-03-13 17:00:05.674000+00:00,0,0,0,15780,0,31513,27670,32815,252,12270,0,48344,25042,84920,3004,105208,20087,28455,170237,29196,2814,86575,4311,38969,172550,69050,3072,46.532
2026-03-13 17:00:05.714000+00:00,0,0,0,15728,0,31481,27559,32786,235,12292,0,48348,25066,84906,2985,105215,20150,28492,170254,29211,2826,86610,4327,39004,172647,69106,3091,46.572
2026-03-13 17:00:05.754000+00:00,0,0,0,15640,0,31380,27362,32700,227,12334,0,48332,25106,84864,2971,105224,20233,28536,170223,29204,2839,86693,4345,39072,172795,69185,3113,46.612
2026-03-13 17:00:05.794000+00:00,0,0,0,15556,0,31242,27157,32579,230,12387,0,48316,25143,84837,2969,105229,20299,28543,170129,29158,2843,86797,4360,39148,172938,69255,3126,46.652
2026-03-13 17:00:05.834000+00:00,0,0,0,15517,0,31135,27038,32483,237,12433,0,48329,25168,84875,2979,105222,20350,28492,170001,29088,2836,86891,4373,39203,173032,69304,3122,46.692
2026-03-13 17:00:05.874000+00:00,0,0,0,15528,0,31098,27030,32442,241,12463,0,48375,25184,84966,2994,105198,20395,28410,169879,29027,2820,86954,4385,39227,173066,69336,3106,46.732
2026-03-13 17:00:05.914000+00:00,0,0,0,15549,0,31116,27085,32450,240,12459,0,48416,25181,85035,3003,105146,20421,28340,169792,28987,2808,86967,4389,39211,173047,69325,3090,46.772
2026-03-13 17:00:05.954000+00:00,0,0,0,15560,0,31150,27145,32490,237,12426,0,48414,25152,85038,3000,105071,20416,28302,169767,28970,2804,86929,4387,39157,172998,69251,3078,46.812
2026-03-13 17:00:05.994000+00:00,0,0,0,15566,0,31181,27190,32548,232,12387,0,48375,25112,84993,2987,105004,20391,28305,169796,28985,2809,86876,4381,39095,172951,69155,3075,46.852
2026-03-13 17:00:06.033000+00:00,0,0,0,15564,0,31212,27222,32609,226,12356,0,48335,25088,84947,2972,104956,20360,28340,169842,29028,2819,86827,4374,39059,172922,69094,3082,46.891
2026-03-13 17:00:06.073000+00:00,0,0,0,15566,0,31246,27245,32656,222,12341,0,48321,25080,84934,2963,104937,20332,28378,169876,29064,2828,86792,4366,39050,172911,69078,3090,46.931
2026-03-13 17:00:06.113000+00:00,0,0,0,15590,0,31274,27267,32686,225,12347,0,48329,25077,84957,2966,104952,20315,28386,169879,29068,2828,86780,4358,39045,172903,69080,3091,46.971
2026-03-13 17:00:06.153000+00:00,0,0,0,15636,0,31297,27294,32703,230,12366,0,48342,25061,84978,2972,104996,20308,28357,169846,29050,2820,86779,4351,39021,172866,69061,3083,47.011
2026-03-13 17:00:06.193000+00:00,0,0,0,15691,0,31317,27329,32715,231,12385,0,48337,25030,84957,2973,105045,20297,28314,169802,29029,2813,86767,4348,38971,172787,69001,3073,47.051
2026-03-13 17:00:06.233000+00:00,0,0,0,15731,0,31333,27372,32724,230,12384,0,48307,24998,84897,2972,105057,20269,28288,169773,29011,2807,86730,4347,38915,172689,68913,3059,47.091
2026-03-13 17:00:06.273000+00:00,0,0,0,15748,0,31348,27420,32733,233,12363,0,48271,24977,84834,2975,105011,20231,28287,169758,28991,2804,86668,4350,38869,172593,68809,3046,47.131
2026-03-13 17:00:06.313000+00:00,0,0,0,15758,0,31373,27462,32745,239,12340,0,48243,24956,84770,2978,104933,20184,28303,169733,28966,2808,86584,4353,38824,172481,68682,3039,47.171
2026-03-13 17:00:06.353000+00:00,0,0,0,15771,0,31409,27491,32758,248,12325,0,48222,24928,84688,2980,104860,20127,28321,169686,28949,2810,86484,4350,38767,172344,68543,3030,47.211
2026-03-13 17:00:06.393000+00:00,0,0,0,15780,0,31450,27513,32775,258,12312,0,48219,24899,84632,2986,104807,20072,28333,169626,28958,2804,86393,4339,38720,172225,68457,3015,47.251
2026-03-13 17:00:06.433000+00:00,0,0,0,15787,0,31491,27533,32801,263,12303,0,48248,24882,84668,2998,104778,20036,28333,169585,28988,2799,86340,4328,38707,172173,68472,3005,47.291
2026-03-13 17:00:06.473000+00:00,0,0,0,15809,0,31528,27559,32839,258,12307,0,48294,24882,84782,3003,104774,20029,28332,169589,29021,2804,86328,4320,38724,172183,68559,3011,47.331
2026-03-13 17:00:06.513000+00:00,0,0,0,15828,0,31558,27585,32880,246,12312,0,48331,24899,84902,2999,104785,20055,28346,169628,29049,2815,86334,4320,38760,172221,68663,3026,47.371
2026-03-13 17:00:06.553000+00:00,0,0,0,15813,0,31564,27569,32897,243,12317,0,48350,24935,84969,2995,104798,20122,28383,169669,29084,2817,86356,4333,38812,172276,68774,3041,47.411
2026-03-13 17:00:06.593000+00:00,0,0,0,15745,0,31515,27459,32859,241,12335,0,48349,24988,84970,2988,104805,20227,28439,169680,29118,2815,86415,4358,38889,172376,68907,3058,47.451
2026-03-13 17:00:06.633000+00:00,0,0,0,15627,0,31399,27266,32753,230,12356,0,48339,25048,84940,2971,104796,20342,28481,169643,29116,2818,86497,4385,38990,172517,69049,3081,47.491
2026-03-13 17:00:06.673000+00:00,0,0,0,15501,0,31260,27081,32624,219,12359,0,48330,25089,84922,2959,104765,20424,28466,169563,29066,2821,86552,4398,39071,172628,69148,3099,47.531
2026-03-13 17:00:06.713000+00:00,0,0,0,15427,0,31161,26987,32535,219,12348,0,48330,25097,84920,2964,104720,20436,28392,169464,28995,2814,86561,4387,39095,172643,69168,3097,47.571
2026-03-13 17:00:06.753000+00:00,0,0,0,15422,0,31123,26982,32498,229,12340,0,48338,25077,84914,2978,104666,20384,28303,169378,28939,2801,86538,4366,39068,172577,69123,3079,47.611
2026-03-13 17:00:06.793000+00:00,0,0,0,15451,0,31129,27019,32494,237,12334,0,48349,25044,84899,2989,104607,20317,28237,169331,28912,2793,86501,4351,39023,172486,69060,3061,47.651
2026-03-13 17:00:06.833000+00:00,0,0,0,15473,0,31153,27058,32509,238,12315,0,48358,25013,84896,2992,104562,20264,28204,169321,28912,2791,86458,4343,38983,172414,69018,3054,47.691
2026-03-13 17:00:06.873000+00:00,0,0,0,15489,0,31178,27102,32545,232,12301,0,48355,25006,84919,2986,104568,20233,28211,169340,28933,2795,86426,4342,38963,172382,69006,3055,47.731
2026-03-13 17:00:06.913000+00:00,0,0,0,15532,0,31207,27156,32592,223,12321,0,48341,25026,84950,2973,104636,20229,28249,169368,28965,2805,86428,4345,38964,172378,69008,3061,47.771
2026-03-13 17:00:06.953000+00:00,0,0,0,15584,0,31239,27204,32628,220,12351,0,48331,25046,84964,2967,104712,20236,28285,169377,28992,2817,86445,4342,38966,172366,69005,3068,47.811
2026-03-13 17:00:06.993000+00:00,0,0,0,15611,0,31268,27233,32644,227,12354,0,48326,25036,84953,2973,104753,20232,28289,169364,29000,2826,86437,4334,38950,172326,68985,3072,47.851
2026-03-13 17:00:07.033000+00:00,0,0,0,15630,0,31284,27248,32652,233,12341,0,48315,24996,84933,2979,104767,20218,28266,169356,28991,2827,86407,4334,38919,172270,68947,3070,47.891
2026-03-13 17:00:07.073000+00:00,0,0,0,15655,0,31291,27274,32665,226,12329,0,48293,24957,84919,2973,104762,20204,28247,169369,28972,2827,86367,4342,38891,172209,68901,3068,47.931
2026-03-13 17:00:07.113000+00:00,0,0,0,15677,0,31301,27324,32682,216,12314,0,48272,24943,84916,2963,104740,20197,28247,169386,28951,2832,86322,4349,38874,172149,68855,3071,47.971
2026-03-13 17:00:07.153000+00:00,0,0,0,15684,0,31321,27392,32699,209,12289,0,48263,24955,84919,2959,104711,20199,28262,169389,28937,2840,86276,4352,38864,172093,68818,3074,48.011
2026-03-13 17:00:07.193000+00:00,0,0,0,15686,0,31352,27456,32718,211,12261,0,48267,24968,84926,2964,104688,20198,28279,169387,28944,2841,86229,4346,38851,172043,68799,3072,48.051
2026-03-13 17:00:07.233000+00:00,0,0,0,15700,0,31388,27496,32746,221,12246,0,48281,24962,84934,2977,104687,20187,28287,169403,28970,2835,86190,4334,38831,172004,68796,3067,48.091
2026-03-13 17:00:07.273000+00:00,0,0,0,15732,0,31421,27517,32783,231,12251,0,48295,24939,84954,2988,104715,20172,28292,169452,28994,2831,86171,4321,38814,171982,68797,3065,48.131
2026-03-13 17:00:07.313000+00:00,0,0,0,15769,0,31450,27535,32819,234,12264,0,48307,24918,84981,2989,104757,20158,28299,169516,29008,2829,86166,4311,38805,171976,68799,3059,48.171
2026-03-13 17:00:07.353000+00:00,0,0,0,15786,0,31481,27559,32845,235,12260,0,48321,24903,85000,2992,104777,20151,28305,169565,29023,2819,86151,4305,38800,171974,68809,3047,48.211
2026-03-13 17:00:07.393000+00:00,0,0,0,15777,0,31510,27589,32867,238,12233,0,48329,24891,85014,2999,104767,20160,28314,169599,29039,2806,86120,4309,38799,171978,68826,3034,48.251
2026-03-13 17:00:07.433000+00:00,0,0,0,15768,0,31528,27623,32894,235,12204,0,48319,24886,85029,2997,104754,20191,28332,169635,29049,2804,86092,4325,38801,171991,68833,3034,48.291
2026-03-13 17:00:07.473000+00:00,0,0,0,15773,0,31541,27647,32923,227,12199,0,48299,24891,85027,2984,104760,20230,28357,169680,29063,2811,86090,4345,38803,172016,68827,3041,48.331
2026-03-13 17:00:07.513000+00:00,0,0,0,15775,0,31541,27614,32931,229,12229,0,48286,24916,84988,2977,104793,20270,28396,169718,29097,2816,86132,4362,38819,172078,68841,3049,48.371
2026-03-13 17:00:07.553000+00:00,0,0,0,15735,0,31497,27477,32881,240,12290,0,48294,24970,84942,2981,104845,20315,28453,169719,29129,2819,86224,4375,38882,172206,68918,3064,48.411
2026-03-13 17:00:07.593000+00:00,0,0,0,15650,0,31395,27261,32757,246,12361,0,48328,25043,84930,2985,104881,20360,28493,169647,29113,2824,86343,4382,38991,172372,69046,3086,48.451
2026-03-13 17:00:07.633000+00:00,0,0,0,15567,0,31270,27067,32607,240,12418,0,48371,25100,84952,2982,104874,20383,28472,169513,29042,2828,86437,4379,39085,172483,69144,3103,48.491
2026-03-13 17:00:07.673000+00:00,0,0,0,15516,0,31178,26962,32494,230,12437,0,48407,25107,84979,2978,104813,20364,28386,169375,28949,2833,86459,4367,39111,172470,69149,3110,48.531
2026-03-13 17:00:07.713000+00:00,0,0,0,15487,0,31144,26941,32436,232,12411,0,48437,25070,84993,2986,104725,20316,28281,169267,28877,2837,86411,4352,39074,172354,69092,3108,48.571
2026-03-13 17:00:07.753000+00:00,0,0,0,15483,0,31154,26969,32431,247,12371,0,48447,25019,84989,3004,104652,20274,28210,169201,28848,2834,86336,4342,39012,172210,69019,3098,48.611
2026-03-13 17:00:07.793000+00:00,0,0,0,15498,0,31185,27024,32474,259,12339,0,48428,24980,84968,3013,104598,20260,28193,169182,28861,2822,86268,4339,38951,172107,68949,3078,48.651
2026-03-13 17:00:07.833000+00:00,0,0,0,15503,0,31222,27093,32546,254,12305,0,48386,24973,84929,2998,104547,20271,28222,169209,28897,2810,86211,4339,38900,172061,68879,3060,48.691
2026-03-13 17:00:07.873000+00:00,0,0,0,15497,0,31257,27159,32618,236,12271,0,48335,24988,84872,2967,104514,20285,28272,169246,28937,2805,86171,4339,38862,172042,68809,3048,48.731
2026-03-13 17:00:07.913000+00:00,0,0,0,15500,0,31296,27205,32671,224,12252,0,48291,24993,84801,2944,104511,20290,28302,169248,28968,2804,86151,4337,38823,172017,68734,3039,48.771
2026-03-13 17:00:07.953000+00:00,0,0,0,15514,0,31343,27231,32707,234,12239,0,48265,24968,84727,2946,104507,20285,28289,169206,28981,2802,86129,4333,38765,171972,68654,3029,48.811
2026-03-13 17:00:07.993000+00:00,0,0,0,15531,0,31385,27259,32728,261,12222,0,48246,24928,84663,2970,104489,20266,28259,169153,28981,2795,86091,4328,38705,171904,68574,3015,48.851
2026-03-13 17:00:08.033000+00:00,0,0,0,15548,0,31402,27299,32736,287,12200,0,48220,24892,84618,2996,104457,20228,28249,169120,28970,2787,86036,4326,38670,171816,68504,3000,48.891
2026-03-13 17:00:08.073000+00:00,0,0,0,15573,0,31406,27346,32742,298,12184,0,48193,24867,84596,3009,104431,20180,28261,169112,28954,2788,85981,4327,38663,171721,68448,2996,48.931
2026-03-13 17:00:08.113000+00:00,0,0,0,15615,0,31417,27392,32758,293,12187,0,48181,24854,84603,3008,104438,20138,28273,169121,28945,2795,85944,4325,38661,171644,68418,3005,48.971
2026-03-13 17:00:08.153000+00:00,0,0,0,15655,0,31439,27435,32787,278,12193,0,48181,24850,84632,2995,104470,20107,28273,169140,28951,2800,85927,4317,38647,171602,68417,3013,49.011
2026-03-13 17:00:08.194000+00:00,0,0,0,15684,0,31462,27483,32821,260,12192,0,48184,24859,84664,2979,104511,20085,28270,169164,28964,2800,85922,4304,38628,171581,68426,3012,49.052
2026-03-13 17:00:08.234000+00:00,0,0,0,15718,0,31486,27532,32847,250,12202,0,48187,24870,84675,2970,104553,20070,28273,169194,28979,2798,85921,4293,38612,171557,68424,3005,49.092
2026-03-13 17:00:08.274000+00:00,0,0,0,15756,0,31518,27562,32863,252,12217,0,48194,24858,84662,2974,104575,20055,28278,169233,29000,2794,85909,4288,38593,171522,68409,2996,49.132
2026-03-13 17:00:08.314000+00:00,0,0,0,15784,0,31549,27574,32875,261,12222,0,48200,24827,84646,2986,104580,20039,28282,169269,29027,2789,85882,4287,38568,171482,68392,2991,49.172
2026-03-13 17:00:08.354000+00:00,0,0,0,15819,0,31569,27589,32889,266,12230,0,48196,24797,84646,2993,104599,20029,28290,169293,29043,2787,85861,4291,38548,171445,68378,2991,49.212
2026-03-13 17:00:08.394000+00:00,0,0,0,15867,0,31586,27618,32910,267,12250,0,48188,24780,84661,2993,104632,20031,28301,169311,29044,2788,85847,4296,38538,171417,68361,2993,49.252
2026-03-13 17:00:08.434000+00:00,0,0,0,15895,0,31612,27658,32935,270,12253,0,48184,24780,84666,2993,104651,20047,28319,169330,29041,2791,85825,4297,38535,171393,68342,2995,49.292
2026-03-13 17:00:08.474000+00:00,0,0,0,15866,0,31639,27682,32953,270,12226,0,48182,24805,84647,2988,104640,20066,28359,169359,29056,2801,85794,4297,38547,171391,68341,3002,49.332
2026-03-13 17:00:08.514000+00:00,0,0,0,15773,0,31637,27629,32946,261,12196,0,48186,24856,84617,2972,104599,20082,28433,169401,29096,2810,85788,4302,38594,171466,68399,3011,49.372
2026-03-13 17:00:08.554000+00:00,0,0,0,15648,0,31577,27461,32886,246,12205,0,48208,24918,84594,2951,104544,20108,28505,169407,29132,2809,85845,4317,38677,171629,68520,3021,49.412
2026-03-13 17:00:08.594000+00:00,0,0,0,15553,0,31460,27238,32771,230,12262,0,48242,24969,84586,2932,104497,20157,28518,169319,29113,2809,85953,4341,38763,171794,68646,3033,49.452
2026-03-13 17:00:08.634000+00:00,0,0,0,15520,0,31329,27081,32656,221,12329,0,48276,24996,84601,2925,104482,20211,28463,169172,29046,2814,86051,4363,38813,171865,68713,3045,49.492
2026-03-13 17:00:08.674000+00:00,0,0,0,15521,0,31239,27043,32594,225,12350,0,48310,24997,84633,2933,104490,20231,28381,169060,28982,2819,86078,4366,38815,171834,68714,3046,49.532
2026-03-13 17:00:08.714000+00:00,0,0,0,15533,0,31223,27084,32593,234,12329,0,48332,24969,84662,2944,104496,20211,28315,169028,28956,2817,86040,4353,38783,171751,68679,3038,49.572
2026-03-13 17:00:08.754000+00:00,0,0,0,15563,0,31277,27146,32626,241,12308,0,48331,24932,84673,2953,104496,20176,28284,169052,28966,2813,85987,4337,38745,171672,68635,3029,49.612
2026-03-13 17:00:08.794000+00:00,0,0,0,15590,0,31352,27201,32664,252,12296,0,48323,24911,84669,2964,104491,20150,28287,169094,28992,2811,85947,4326,38723,171626,68601,3026,49.652
2026-03-13 17:00:08.834000+00:00,0,0,0,15589,0,31410,27238,32699,264,12277,0,48326,24913,84672,2978,104477,20144,28323,169131,29025,2813,85918,4323,38728,171616,68596,3029,49.692
2026-03-13 17:00:08.874000+00:00,0,0,0,15572,0,31441,27255,32726,268,12254,0,48337,24920,84693,2985,104466,20144,28374,169148,29053,2814,85905,4326,38757,171625,68617,3034,49.732
2026-03-13 17:00:08.914000+00:00,0,0,0,15566,0,31445,27264,32739,260,12243,0,48336,24923,84722,2984,104468,20124,28408,169141,29059,2808,85904,4322,38786,171626,68636,3030,49.772
2026-03-13 17:00:08.954000+00:00,0,0,0,15587,0,31438,27286,32738,247,12246,0,48323,24921,84745,2975,104479,20085,28407,169116,29040,2799,85900,4310,38792,171599,68623,3018,49.812
2026-03-13 17:00:08.994000+00:00,0,0,0,15637,0,31446,27324,32743,234,12262,0,48314,24907,84757,2964,104499,20054,28377,169100,29015,2797,85888,4301,38767,171548,68583,3009,49.852
2026-03-13 17:00:09.034000+00:00,0,0,0,15700,0,31481,27366,32761,224,12280,0,48321,24879,84760,2954,104528,20047,28344,169116,29004,2802,85874,4304,38726,171496,68545,3012,49.892
2026-03-13 17:00:09.074000+00:00,0,0,0,15756,0,31524,27413,32783,226,12290,0,48334,24857,84756,2955,104562,20059,28325,169151,29008,2810,85862,4316,38692,171456,68523,3022,49.932
2026-03-13 17:00:09.114000+00:00,0,0,0,15792,0,31551,27470,32801,235,12286,0,48332,24854,84753,2966,104599,20071,28326,169186,29016,2814,85850,4327,38672,171423,68515,3031,49.972
2026-03-13 17:00:09.154000+00:00,0,0,0,15816,0,31566,27527,32819,238,12281,0,48319,24861,84755,2971,104629,20076,28339,169226,29026,2819,85837,4330,38664,171402,68516,3035,50.012
2026-03-13 17:00:09.194000+00:00,0,0,0,15839,0,31585,27572,32842,239,12282,0,48312,24865,84767,2973,104644,20075,28360,169275,29038,2819,85823,4328,38665,171397,68521,3035,50.052
2026-03-13 17:00:09.234000+00:00,0,0,0,15859,0,31614,27609,32871,247,12280,0,48316,24865,84794,2983,104646,20068,28390,169328,29048,2811,85805,4325,38676,171400,68525,3031,50.092
2026-03-13 17:00:09.274000+00:00,0,0,0,15871,0,31642,27644,32909,258,12270,0,48325,24866,84832,2996,104655,20060,28418,169375,29050,2801,85789,4320,38685,171403,68527,3027,50.132
2026-03-13 17:00:09.314000+00:00,0,0,0,15882,0,31665,27666,32945,258,12263,0,48329,24866,84855,2998,104689,20061,28430,169403,29052,2799,85782,4315,38680,171404,68523,3026,50.172
2026-03-13 17:00:09.354000+00:00,0,0,0,15884,0,31678,27642,32962,249,12275,0,48331,24871,84834,2986,104736,20084,28435,169416,29077,2811,85796,4318,38665,171426,68534,3032,50.212
2026-03-13 17:00:09.394000+00:00,0,0,0,15842,0,31660,27531,32934,236,12307,0,48336,24893,84776,2967,104781,20134,28455,169423,29118,2824,85846,4331,38675,171516,68588,3041,50.252
2026-03-13 17:00:09.434000+00:00,0,0,0,15742,0,31589,27342,32848,222,12343,0,48346,24934,84721,2947,104804,20194,28479,169399,29133,2826,85923,4351,38724,171667,68677,3046,50.292
2026-03-13 17:00:09.474000+00:00,0,0,0,15622,0,31485,27153,32729,213,12358,0,48362,24972,84696,2936,104767,20230,28465,169313,29099,2816,85987,4365,38783,171791,68751,3048,50.332
2026-03-13 17:00:09.514000+00:00,0,0,0,15542,0,31395,27054,32641,215,12349,0,48377,24986,84714,2939,104669,20224,28412,169192,29041,2801,86010,4363,38818,171822,68771,3045,50.372
2026-03-13 17:00:09.554000+00:00,0,0,0,15517,0,31353,27065,32627,220,12321,0,48381,24981,84769,2948,104567,20192,28363,169102,28993,2791,85993,4354,38827,171774,68749,3039,50.412
2026-03-13 17:00:09.594000+00:00,0,0,0,15526,0,31356,27140,32666,231,12282,0,48371,24963,84821,2963,104508,20152,28346,169071,28968,2790,85946,4345,38815,171685,68709,3035,50.452
2026-03-13 17:00:09.634000+00:00,0,0,0,15547,0,31383,27221,32713,248,12246,0,48356,24944,84839,2985,104491,20118,28352,169081,28967,2794,85889,4339,38793,171597,68673,3034,50.492
2026-03-13 17:00:09.674000+00:00,0,0,0,15573,0,31420,27284,32749,259,12233,0,48350,24939,84831,2997,104499,20106,28377,169100,28998,2801,85851,4341,38778,171541,68661,3036,50.532
2026-03-13 17:00:09.714000+00:00,0,0,0,15592,0,31457,27322,32779,248,12237,0,48356,24949,84825,2983,104511,20114,28415,169117,29052,2816,85840,4347,38781,171528,68679,3045,50.572
2026-03-13 17:00:09.754000+00:00,0,0,0,15594,0,31479,27334,32797,226,12235,0,48364,24950,84831,2957,104507,20118,28446,169139,29091,2832,85838,4347,38791,171537,68700,3056,50.612
2026-03-13 17:00:09.794000+00:00,0,0,0,15594,0,31485,27340,32798,211,12222,0,48367,24937,84845,2941,104487,20100,28452,169157,29089,2840,85829,4341,38795,171527,68696,3060,50.652
2026-03-13 17:00:09.834000+00:00,0,0,0,15615,0,31497,27363,32797,209,12216,0,48372,24917,84864,2943,104465,20065,28436,169160,29066,2835,85812,4335,38786,171476,68667,3049,50.692
2026-03-13 17:00:09.874000+00:00,0,0,0,15658,0,31527,27409,32805,216,12218,0,48383,24898,84877,2954,104466,20031,28418,169155,29051,2820,85785,4326,38765,171399,68633,3030,50.732
2026-03-13 17:00:09.914000+00:00,0,0,0,15699,0,31564,27472,32821,226,12216,0,48389,24886,84881,2966,104496,20005,28413,169168,29047,2808,85748,4313,38741,171337,68603,3017,50.772
2026-03-13 17:00:09.954000+00:00,0,0,0,15723,0,31601,27536,32847,239,12198,0,48387,24879,84879,2982,104529,19983,28414,169208,29050,2806,85712,4298,38713,171310,68581,3018,50.812
2026-03-13 17:00:09.994000+00:00,0,0,0,15736,0,31633,27584,32883,251,12173,0,48381,24863,84876,2996,104548,19963,28411,169270,29063,2809,85685,4283,38684,171306,68570,3024,50.852
2026-03-13 17:00:10.034000+00:00,0,0,0,15769,0,31660,27618,32927,256,12172,0,48375,24842,84876,3002,104574,19950,28408,169327,29083,2812,85677,4278,38661,171296,68563,3031,50.892
2026-03-13 17:00:10.074000+00:00,0,0,0,15836,0,31687,27649,32968,252,12206,0,48368,24829,84886,2997,104634,19957,28417,169367,29107,2813,85693,4284,38651,171275,68561,3035,50.932
2026-03-13 17:00:10.114000+00:00,0,0,0,15892,0,31711,27680,32999,243,12236,0,48361,24825,84902,2987,104706,19976,28439,169399,29132,2819,85707,4292,38654,171260,68564,3039,50.972
2026-03-13 17:00:10.154000+00:00,0,0,0,15890,0,31730,27703,33016,235,12224,0,48359,24831,84905,2976,104729,19995,28468,169427,29154,2829,85693,4292,38663,171258,68570,3045,51.012
2026-03-13 17:00:10.194000+00:00,0,0,0,15838,0,31737,27680,33010,230,12203,0,48365,24855,84881,2966,104693,20016,28505,169441,29173,2840,85677,4293,38682,171290,68588,3057,51.052
2026-03-13 17:00:10.234000+00:00,0,0,0,15768,0,31694,27565,32956,225,12232,0,48368,24907,84830,2953,104646,20056,28552,169428,29180,2846,85715,4306,38728,171390,68638,3070,51.092
2026-03-13 17:00:10.274000+00:00,0,0,0,15682,0,31582,27358,32843,222,12296,0,48360,24970,84774,2943,104616,20118,28585,169365,29157,2839,85807,4330,38804,171542,68721,3075,51.132
2026-03-13 17:00:10.314000+00:00,0,0,0,15574,0,31445,27147,32709,224,12328,0,48356,25007,84732,2943,104582,20177,28560,169242,29104,2821,85885,4351,38867,171663,68797,3071,51.172
2026-03-13 17:00:10.354000+00:00,0,0,0,15483,0,31352,27026,32609,228,12309,0,48367,25001,84714,2951,104524,20210,28476,169105,29040,2810,85905,4355,38879,171686,68828,3069,51.212
2026-03-13 17:00:10.394000+00:00,0,0,0,15464,0,31324,27013,32566,231,12292,0,48387,24973,84714,2958,104472,20206,28384,169010,28986,2814,85892,4349,38849,171628,68803,3073,51.252
2026-03-13 17:00:10.434000+00:00,0,0,0,15525,0,31333,27064,32569,231,12311,0,48392,24945,84719,2961,104459,20172,28332,168970,28955,2827,85882,4345,38812,171540,68744,3080,51.292
2026-03-13 17:00:10.474000+00:00,0,0,0,15602,0,31351,27136,32596,232,12337,0,48375,24929,84722,2963,104478,20131,28332,168967,28949,2840,85872,4348,38792,171464,68685,3085,51.332
2026-03-13 17:00:10.514000+00:00,0,0,0,15648,0,31377,27199,32635,241,12345,0,48358,24931,84727,2971,104517,20102,28364,168989,28973,2842,85858,4351,38786,171423,68653,3081,51.372
2026-03-13 17:00:10.554000+00:00,0,0,0,15663,0,31410,27242,32678,250,12339,0,48351,24946,84739,2983,104558,20085,28409,169025,29012,2826,85849,4348,38790,171423,68652,3065,51.412
2026-03-13 17:00:10.594000+00:00,0,0,0,15657,0,31437,27263,32712,246,12324,0,48344,24955,84758,2980,104575,20073,28446,169056,29037,2804,85842,4339,38796,171436,68660,3045,51.452
2026-03-13 17:00:10.634000+00:00,0,0,0,15646,0,31453,27268,32730,233,12302,0,48335,24939,84774,2965,104565,20054,28449,169063,29032,2790,85823,4324,38788,171430,68650,3032,51.492
2026-03-13 17:00:10.674000+00:00,0,0,0,15645,0,31468,27279,32741,227,12279,0,48334,24903,84782,2959,104542,20020,28415,169050,29006,2786,85789,4304,38762,171394,68617,3028,51.532
2026-03-13 17:00:10.714000+00:00,0,0,0,15653,0,31490,27315,32751,230,12255,0,48339,24874,84783,2965,104512,19980,28375,169033,28979,2790,85744,4287,38730,171336,68573,3030,51.572
2026-03-13 17:00:10.754000+00:00,0,0,0,15672,0,31514,27375,32767,236,12236,0,48337,24863,84781,2975,104490,19955,28357,169029,28966,2798,85699,4286,38704,171274,68536,3031,51.612
2026-03-13 17:00:10.794000+00:00,0,0,0,15703,0,31536,27440,32794,246,12228,0,48323,24858,84777,2988,104497,19954,28368,169058,28975,2801,85666,4295,38688,171224,68514,3024,51.652
2026-03-13 17:00:10.834000+00:00,0,0,0,15736,0,31564,27496,32828,256,12222,0,48313,24850,84776,3000,104528,19967,28393,169106,29001,2799,85643,4301,38675,171189,68502,3010,51.692
2026-03-13 17:00:10.874000+00:00,0,0,0,15771,0,31605,27547,32868,256,12222,0,48317,24849,84787,3000,104566,19974,28423,169141,29035,2800,85628,4299,38670,171156,68498,3003,51.732
2026-03-13 17:00:10.914000+00:00,0,0,0,15811,0,31650,27600,32912,248,12231,0,48326,24858,84814,2991,104596,19962,28457,169167,29070,2805,85618,4292,38677,171128,68509,3008,51.772
2026-03-13 17:00:10.954000+00:00,0,0,0,15847,0,31687,27654,32956,238,12242,0,48333,24869,84851,2983,104621,19939,28497,169208,29099,2804,85608,4286,38692,171119,68526,3015,51.812
2026-03-13 17:00:10.994000+00:00,0,0,0,15880,0,31719,27702,32994,231,12252,0,48344,24878,84885,2979,104659,19923,28533,169262,29116,2801,85600,4284,38705,171126,68532,3017,51.852
2026-03-13 17:00:11.034000+00:00,0,0,0,15898,0,31752,27729,33022,228,12254,0,48364,24879,84907,2976,104703,19927,28557,169313,29124,2801,85590,4286,38708,171140,68530,3018,51.892
2026-03-13 17:00:11.074000+00:00,0,0,0,15880,0,31778,27711,33027,233,12245,0,48380,24879,84896,2979,104720,19956,28566,169342,29136,2800,85582,4291,38704,171161,68534,3017,51.932
2026-03-13 17:00:11.114000+00:00,0,0,0,15811,0,31780,27613,32981,241,12243,0,48380,24900,84829,2980,104698,20001,28571,169334,29153,2799,85601,4298,38710,171222,68562,3022,51.972
2026-03-13 17:00:11.154000+00:00,0,0,0,15696,0,31732,27416,32863,240,12264,0,48363,24946,84717,2968,104652,20050,28576,169275,29148,2804,85664,4307,38749,171343,68620,3042,52.012
2026-03-13 17:00:11.194000+00:00,0,0,0,15576,0,31607,27180,32705,232,12302,0,48336,24990,84619,2950,104599,20088,28558,169159,29092,2810,85752,4316,38808,171471,68677,3063,52.052
2026-03-13 17:00:11.234000+00:00,0,0,0,15501,0,31439,27008,32576,224,12333,0,48317,25004,84582,2936,104550,20109,28499,169005,28999,2815,85820,4326,38847,171526,68694,3073,52.092
2026-03-13 17:00:11.274000+00:00,0,0,0,15489,0,31313,26949,32514,222,12352,0,48317,24991,84600,2934,104509,20114,28418,168856,28915,2821,85844,4328,38848,171489,68670,3074,52.132
2026-03-13 17:00:11.314000+00:00,0,0,0,15517,0,31267,26974,32498,227,12357,0,48325,24968,84626,2943,104477,20100,28346,168752,28866,2824,85832,4319,38821,171404,68626,3070,52.172
2026-03-13 17:00:11.354000+00:00,0,0,0,15539,0,31275,27025,32508,231,12338,0,48331,24938,84632,2953,104444,20075,28299,168708,28853,2822,85792,4304,38776,171315,68578,3061,52.212
2026-03-13 17:00:11.394000+00:00,0,0,0,15531,0,31311,27072,32544,227,12292,0,48335,24909,84627,2952,104393,20054,28280,168706,28867,2819,85737,4293,38730,171242,68535,3053,52.252
2026-03-13 17:00:11.434000+00:00,0,0,0,15511,0,31360,27117,32593,224,12246,0,48340,24905,84630,2949,104337,20047,28299,168714,28897,2818,85693,4293,38707,171196,68514,3047,52.292
2026-03-13 17:00:11.474000+00:00,0,0,0,15507,0,31412,27162,32636,227,12224,0,48350,24925,84645,2949,104312,20054,28337,168713,28931,2818,85679,4301,38710,171174,68521,3044,52.332
2026-03-13 17:00:11.514000+00:00,0,0,0,15524,0,31445,27193,32662,224,12224,0,48354,24935,84664,2948,104320,20056,28355,168709,28947,2816,85678,4307,38717,171162,68530,3039,52.372
2026-03-13 17:00:11.554000+00:00,0,0,0,15548,0,31449,27208,32674,215,12227,0,48342,24914,84674,2943,104335,20037,28346,168719,28938,2810,85663,4303,38710,171149,68513,3032,52.412
2026-03-13 17:00:11.594000+00:00,0,0,0,15571,0,31438,27219,32677,206,12221,0,48315,24872,84665,2940,104345,20003,28325,168742,28921,2804,85632,4295,38690,171120,68472,3025,52.452
2026-03-13 17:00:11.634000+00:00,0,0,0,15589,0,31435,27244,32679,206,12205,0,48289,24832,84642,2942,104358,19971,28306,168755,28913,2799,85597,4290,38661,171059,68425,3021,52.492
2026-03-13 17:00:11.674000+00:00,0,0,0,15608,0,31447,27285,32690,221,12186,0,48277,24810,84630,2957,104371,19953,28293,168753,28914,2795,85565,4285,38633,170985,68384,3019,52.532
2026-03-13 17:00:11.714000+00:00,0,0,0,15632,0,31474,27334,32715,243,12174,0,48279,24800,84638,2977,104380,19952,28288,168766,28922,2789,85541,4282,38608,170938,68356,3013,52.572
2026-03-13 17:00:11.754000+00:00,0,0,0,15659,0,31507,27382,32754,257,12170,0,48287,24793,84657,2991,104384,19964,28296,168813,28943,2790,85521,4284,38593,170932,68348,3011,52.612
2026-03-13 17:00:11.794000+00:00,0,0,0,15682,0,31535,27430,32800,260,12165,0,48286,24789,84680,2995,104377,19980,28323,168881,28972,2799,85501,4291,38593,170938,68353,3014,52.652
2026-03-13 17:00:11.834000+00:00,0,0,0,15719,0,31559,27479,32843,253,12173,0,48276,24790,84702,2987,104369,19984,28364,168945,28990,2807,85490,4290,38603,170930,68353,3014,52.692
2026-03-13 17:00:11.874000+00:00,0,0,0,15775,0,31582,27529,32875,242,12200,0,48266,24794,84717,2976,104393,19968,28403,168987,28993,2804,85488,4282,38613,170905,68342,3008,52.732
2026-03-13 17:00:11.914000+00:00,0,0,0,15824,0,31608,27575,32897,238,12218,0,48265,24793,84727,2973,104455,19945,28425,169007,28991,2797,85484,4275,38614,170870,68328,3004,52.772
2026-03-13 17:00:11.954000+00:00,0,0,0,15852,0,31644,27611,32916,241,12219,0,48278,24783,84735,2976,104524,19929,28426,169017,28996,2798,85473,4274,38600,170835,68319,3011,52.812
2026-03-13 17:00:11.994000+00:00,0,0,0,15864,0,31694,27626,32930,240,12216,0,48302,24774,84727,2974,104576,19923,28424,169028,29017,2802,85460,4275,38574,170815,68315,3019,52.852
2026-03-13 17:00:12.034000+00:00,0,0,0,15842,0,31739,27589,32927,239,12219,0,48317,24782,84691,2966,104596,19931,28442,169034,29047,2805,85457,4277,38544,170835,68325,3023,52.892
2026-03-13 17:00:12.074000+00:00,0,0,0,15752,0,31734,27456,32879,237,12226,0,48313,24823,84632,2955,104569,19961,28493,169010,29064,2811,85488,4283,38538,170926,68372,3035,52.932
2026-03-13 17:00:12.114000+00:00,0,0,0,15610,0,31640,27247,32765,232,12241,0,48304,24890,84565,2942,104506,20007,28553,168928,29042,2821,85559,4294,38590,171074,68456,3055,52.972
2026-03-13 17:00:12.154000+00:00,0,0,0,15488,0,31486,27051,32624,233,12264,0,48311,24946,84516,2939,104447,20047,28573,168787,28983,2826,85645,4303,38679,171193,68529,3065,53.012
2026-03-13 17:00:12.194000+00:00,0,0,0,15441,0,31357,26944,32521,243,12289,0,48332,24960,84508,2951,104424,20064,28511,168635,28910,2827,85708,4302,38737,171218,68544,3065,53.052
2026-03-13 17:00:12.234000+00:00,0,0,0,15445,0,31295,26927,32483,250,12296,0,48346,24937,84529,2960,104418,20061,28387,168530,28839,2825,85723,4295,38735,171171,68500,3062,53.092
